third_ac,arrival,from_station_code,name,zone,chair_car,first_class,sleeper,from_station_name,number,departure,return_train,to_station_code,second_ac,classes,to_station_name,type,first_ac,distance,duration
0,12:05:00,MMR,Manmad Pune Express(Via Nasik),CR,1,0,0,MANMAD JN,11025,04:30:00,11026,PUNE,0,,PUNE JN,Exp,0,364.0,7.583333313465118
0,21:30:00,PUNE,Pune Manmad Express,CR,1,0,0,PUNE JN,11026,12:50:00,11025,MMR,0,,MANMAD JN,Exp,0,364.0,8.666666686534882
1,04:55:00,CSTM,Mumbai CST-Chennai Mail,CR,0,0,1,MUMBAI CST,11027,23:45:00,11028,MAS,1,,CHENNAI CENTRAL,Mail,0,1283.0,29.16666667163372
0,20:25:00,CSTM,Koyna Express,CR,1,0,0,MUMBAI CST,11029,08:40:00,11030,KOP,0,,C SHAHU M RAJ KOLHAPUR TERM,Exp,0,518.0,11.75
0,20:22:00,KOP,Koyna Express,CR,1,0,0,C SHAHU M RAJ KOLHAPUR TERM,11030,07:55:00,11029,CSTM,0,,MUMBAI CST,Exp,0,518.0,12.449999988079073
1,06:45:00,PUNE,PUNE - DARBHANGA Gyan Ganga Exp,CR,0,0,1,PUNE JN,11033,16:15:00,11034,DBG,1,,DARBHANGA JN,Exp,0,1948.0,38.5
1,21:45:00,DR,Dadar-Mysore Sharavati Express,CR,0,0,1,MUMBAI DADAR CENTRAL,11035,21:30:00,11036,MYS,1,,MYSORE JN,Exp,0,1212.0,24.25
1,05:50:00,MYS,Mysore-Dadar Sharavati Express,CR,0,0,1,MYSORE JN,11036,06:15:00,11035,DR,1,,MUMBAI DADAR CENTRAL,Exp,0,1212.0,23.58333331346512
1,01:15:00,PUNE,PUNE - GORAKHPUR Exp,CR,0,0,1,PUNE JN,11037,16:15:00,11038,GKP,1,,GORAKHPUR JN,Exp,0,1771.0,33.0
1,04:05:00,GKP,GORAKHPUR - PUNE Exp,CR,0,0,1,GORAKHPUR JN,11038,15:30:00,11037,PUNE,1,,PUNE JN,Exp,0,1771.0,36.58333331346512
1,20:15:00,KOP,Maharashtra Express,CR,0,0,1,C SHAHU M RAJ KOLHAPUR TERM,11039,15:30:00,11040,G,1,,GONDIA JN,Exp,0,1346.0,28.75
1,12:45:00,G,Maharashtra Express,CR,0,0,1,GONDIA JN,11040,08:20:00,11039,KOP,1,,C SHAHU M RAJ KOLHAPUR TERM,Exp,0,1346.0,28.41666665673256
1,16:45:00,CSTM,Mumbai - Chennai Express,CR,0,0,1,MUMBAI CST,11041,14:00:00,11042,MAS,1,,CHENNAI CENTRAL,Exp,0,1283.0,26.75
1,12:00:00,KOP,KOLHAPUR CSMT - DHANBAD Deekshabhoomi Exp,CR,0,0,1,C SHAHU M RAJ KOLHAPUR TERM,11045,23:45:00,11046,DHN,0,,DHANBAD JN,Exp,0,2968.0,60.25
1,15:25:00,ADI,Ahmedabad-Kolhapur Express,CR,0,0,1,AHMEDABAD JN,11049,19:30:00,11050,KOP,1,,C SHAHU M RAJ KOLHAPUR TERM,Exp,0,961.0,19.91666668653488
1,07:45:00,KOP,Kolhapur-Ahmedabad Express,CR,0,0,1,C SHAHU M RAJ KOLHAPUR TERM,11050,12:50:00,11049,ADI,1,,AHMEDABAD JN,Exp,0,961.0,18.91666668653488
1,16:05:00,GKP,GORAKHPUR - MUMBAI LTT Exp,CR,0,0,1,GORAKHPUR JN,11056,06:25:00,11055,LTT,1,,LOKMANYA TILAK TERM,Exp,0,1733.0,33.66666668653488
1,20:55:00,LTT,MUMBAI LTT - CHHAPRA Godan Exp,CR,0,0,1,LOKMANYA TILAK TERM,11059,10:55:00,11060,CPR,1,,CHHAPRA,Exp,0,1772.0,34.0
1,16:05:00,CPR,CHHAPRA - MUMBAI LTT Godan Exp,CR,0,0,1,CHHAPRA,11060,05:30:00,11059,LTT,1,,LOKMANYA TILAK TERM,Exp,0,1772.0,34.58333331346512
1,03:45:00,DBG,DARBHANGA - MUMBAI LTT Pawan Exp,CR,0,0,1,DARBHANGA JN,11062,15:50:00,11061,LTT,1,,LOKMANYA TILAK TERM,Exp,0,1791.0,35.91666668653488
0,13:40:00,CBE,Coimbatore-Mayiladuturai Jan Shatabdi,SR,1,0,0,COIMBATORE JN,12084,07:00:00,12083,MV,0,,MAYILADUTURAI JN,JShtb,0,362.0,6.666666686534882
1,18:45:00,CSTM,MUMBAI CST - MADGAON Mandovi Exp,KR,0,0,1,MUMBAI CST,10103,06:55:00,10104,MAO,1,,MADGAON,Exp,1,765.0,11.833333313465118
1,21:30:00,MAO,MADGAON - MUMBAI CST Mandovi Exp,KR,0,0,1,MADGAON,10104,09:30:00,10103,CSTM,1,,MUMBAI CST,Exp,1,765.0,12.0
1,10:55:00,MAO,Madgaon Ernakulam Weekly Super Fast Express,KR,0,0,1,MADGAON,10215,21:30:00,10216,ERS,1,,ERNAKULAM JN,Exp,1,850.0,13.41666665673256
1,04:00:00,ERS,Ernakulam Madgaon Weekly SF Express,KR,0,0,1,ERNAKULAM JN,10216,14:35:00,10215,MAO,1,,MADGAON,Exp,1,850.0,13.41666665673256
1,10:55:00,DR,DADAR - SAWANTWADI RD Rajya Rani Exp,CR,0,0,1,MUMBAI DADAR CENTRAL,11003,23:55:00,11004,SWV,1,,SAWANTWADI ROAD,Exp,0,646.0,11.0
1,06:30:00,SWV,SAWANTWADI RD - DADAR Rajya Rani Exp,CR,0,0,1,SAWANTWADI ROAD,11004,18:10:00,11003,DR,1,,MUMBAI DADAR CENTRAL,Exp,0,646.0,12.33333334326744
0,11:10:00,CSTM,Deccan Express,CR,1,0,0,MUMBAI CST,11007,07:10:00,11008,PUNE,0,,PUNE JN,Exp,0,192.0,4.0
0,18:40:00,CSTM,Sinhagad Express,CR,1,0,0,MUMBAI CST,11009,14:30:00,11008,PUNE,0,,PUNE JN,Exp,0,192.0,4.16666667163372
0,09:55:00,PUNE,Sinhagad Express,CR,1,0,0,PUNE JN,11010,06:05:00,11009,CSTM,0,,MUMBAI CST,Exp,0,192.0,3.8333333134651184
1,14:30:00,CBE,Coimbatore Mumbai LTT Express,CR,0,0,1,COIMBATORE JN,11014,08:00:00,11013,LTT,1,,LOKMANYA TILAK TERM,Exp,1,1518.0,30.5
1,08:55:00,BSB,Varanasi-Gwalior Bundelkhand Express,NCR,0,0,1,VARANASI JN,11108,18:05:00,11107,GWL,1,,GWALIOR JN,Exp,1,624.0,14.833333313465118
0,12:00:00,JHS,Jhansi-Lucknow Intercity Express,CR,1,0,0,JHANSI JN,11109,06:10:00,11110,LKO,0,,LUCKNOW,Exp,0,292.0,5.833333313465118
0,22:35:00,LKO,Lucknow-Jhansi InterCity,CR,1,0,0,LUCKNOW,11110,16:30:00,11109,JHS,0,,JHANSI JN,Exp,0,292.0,6.08333333581686
1,21:00:00,BJU,Barauni-Gwalior Mail,NCR,0,0,1,BARAUNI JN,11123,18:45:00,11124,GWL,1,,GWALIOR JN,Mail,0,1055.0,26.25
1,13:05:00,GWL,Gwalior Barauni Mail,NCR,0,0,1,GWALIOR JN,11124,11:45:00,11123,BJU,1,,BARAUNI JN,Mail,0,1055.0,25.33333334326744
1,08:25:00,INDB,Indore Gwalior Express,CR,0,0,1,INDORE JN BG,11125,20:15:00,11126,GWL,1,,GWALIOR JN,Exp,0,562.0,12.16666667163372
1,07:50:00,GWL,Gwalior Indore Express,CR,0,0,1,GWALIOR JN,11126,19:30:00,11125,INDB,1,,INDORE JN BG,Exp,0,562.0,12.33333334326744
1,04:45:00,VRL,Veraval Pune Express,CR,0,0,1,VERAVAL,11087,06:25:00,11088,PUNE,1,,PUNE JN,Exp,0,1066.0,22.33333334326744
1,16:40:00,PUNE,Pune Veraval Express,CR,0,0,1,PUNE JN,11088,19:50:00,11087,VRL,1,,VERAVAL,Exp,0,1066.0,20.83333331346512
1,04:45:00,BGKT,BHAGAT KI KOTHI - PUNE Exp,CR,0,0,1,BHAGAT KI KOTHI,11089,05:30:00,11090,PUNE,1,,PUNE JN,Exp,0,1094.0,23.25
1,17:35:00,PUNE,PUNE - BHAGAT KI KOTHI Exp,CR,0,0,1,PUNE JN,11090,19:50:00,11089,BGKT,1,,BHAGAT KI KOTHI,Exp,0,1094.0,21.75
1,04:45:00,BHUJ,BHUJ - PUNE Ahimsa Exp,CR,0,0,1,BHUJ,11091,08:00:00,11092,PUNE,1,,PUNE JN,Exp,0,993.0,20.75
1,15:20:00,PUNE,PUNE - BHUJ Ahimsa Exp,CR,0,0,1,PUNE JN,11092,19:50:00,11091,BHUJ,1,,BHUJ,Exp,0,993.0,19.5
0,14:55:00,ABKP,AMBIKAPUR - JABALPUR Exp,WCR,0,0,1,AMBIKAPUR,11266,06:05:00,11265,JBP,0,,JABALPUR,Exp,0,433.0,8.833333313465118
1,16:15:00,CSTM,Nandigram Express,CR,0,0,1,MUMBAI CST,11401,16:35:00,11402,NGP,1,,NAGPUR,Exp,0,1139.0,23.66666668653488
1,05:40:00,NGP,Nandigram Express,CR,0,0,1,NAGPUR,11402,06:00:00,11401,CSTM,1,,MUMBAI CST,Exp,0,1139.0,23.66666668653488
1,15:25:00,NGP,NAGPUR - KOLHAPUR EXP,CR,0,0,1,NAGPUR,11403,15:00:00,11404,KOP,1,,C SHAHU M RAJ KOLHAPUR TERM,Exp,0,1038.0,24.41666665673256
1,12:35:00,KOP,KOLHAPUR - NAGPUR EXP,CR,0,0,1,C SHAHU M RAJ KOLHAPUR TERM,11404,12:50:00,11403,NGP,1,,NAGPUR,Exp,0,1038.0,23.75
1,04:15:00,JBP,JABALPUR - KOL HOWRAH Shaktipunj Exp,WCR,0,0,1,JABALPUR,11447,00:30:00,11448,HWH,1,,HOWRAH JN,Exp,0,1152.0,27.75
1,15:45:00,HWH,HOWRAH - JABALPUR Shaktipunj Exp,WCR,0,0,1,HOWRAH JN,11448,14:30:00,11447,JBP,1,,JABALPUR,Exp,0,1152.0,25.25
1,08:40:00,SVDK,SHRI MATA VAISHNO DEVI KATRA - JABALPUR Express,CR,0,0,1,S M V D KATRA,11450,23:45:00,11449,JBP,1,,JABALPUR,Exp,0,1509.0,32.91666668653488
0,22:05:00,LKO,Lucknow-NewDelhi Swarn Shatabdi Express,NR,1,0,0,LUCKNOW,12003,15:35:00,12004,NDLS,0,,NEW DELHI,Shtb,0,511.0,6.5
0,21:10:00,RNC,Ranchi-Howrah Shatabdi Express,ER,1,0,0,RANCHI,12020,13:45:00,12019,HWH,0,,HOWRAH JN,Shtb,1,423.0,7.416666656732559
0,13:15:00,HWH,Barbil Janshatabdi,ER,1,0,0,HOWRAH JN,12021,06:20:00,12022,BBN,0,,Barbil,JShtb,0,398.0,6.916666686534882
0,20:50:00,BBN,Barbil Howrah Janshatabdi,ER,1,0,0,Barbil,12022,13:45:00,12021,HWH,0,,HOWRAH JN,JShtb,0,398.0,7.08333333581686
0,14:05:00,NDLS,New Delhi-Bhopal Shatabdi Express,NR,1,0,0,NEW DELHI,12002,06:15:00,12001,BPL,0,,BHOPAL JN,Shtb,1,701.0,7.833333313465118
0,12:30:00,NDLS,NewDelh-Lucknowi Swarn Shatabdi Express,NR,1,0,0,NEW DELHI,12004,06:15:00,12003,LKO,0,,LUCKNOW,SF,0,511.0,6.25
0,21:20:00,NDLS,New Delhi-Kalka Shatabdi,NR,1,0,0,NEW DELHI,12005,17:15:00,12006,KLK,0,,Kalka,Shtb,1,303.0,4.08333333581686
0,10:25:00,KLK,Kalka-New Delhi Shatabdi,NR,1,0,0,Kalka,12006,06:15:00,12005,NDLS,0,,NEW DELHI,Shtb,0,303.0,4.16666667163372
0,21:25:00,MYS,MYSORE - CHENNAI CENT Shatabdi Express,SR,1,0,0,MYSORE JN,12008,14:15:00,12007,MAS,0,,CHENNAI CENTRAL,Shtb,1,500.0,7.16666667163372
0,11:45:00,NDLS,Kalka Shatabdi Express,NR,1,0,0,NEW DELHI,12011,07:40:00,12012,KLK,0,,Kalka,Shtb,0,303.0,4.08333333581686
0,21:55:00,KLK,Kalka-New Delhi Shatabdi,NR,1,0,0,Kalka,12012,17:45:00,12011,NDLS,0,,NEW DELHI,Shtb,0,303.0,4.16666667163372
0,22:35:00,NDLS,New Delhi-Amritsar Shatabdi Express,NR,1,0,0,NEW DELHI,12013,16:30:00,12014,ASR,0,,AMRITSAR JN,Shtb,1,448.0,6.08333333581686
0,11:15:00,ASR,Amritsar-NewDelhi Shatabdi,NR,1,0,0,AMRITSAR JN,12014,05:00:00,12013,NDLS,0,,NEW DELHI,Shtb,1,448.0,6.25
0,12:40:00,NDLS,New Delhi-Ajmer Shatabdi,NR,1,0,0,NEW DELHI,12015,06:05:00,12016,AII,0,,AJMER JN,Shtb,1,443.0,6.583333313465118
0,22:40:00,AII,Ajmer-New Delhi Shatabdi,NR,1,0,0,AJMER JN,12016,15:50:00,12015,NDLS,0,,NEW DELHI,Shtb,1,443.0,6.833333313465118
0,12:40:00,NDLS,New Delhi-Dehradun Shatabdi,NR,1,0,0,NEW DELHI,12017,06:50:00,12018,DDN,0,,DEHRADUN,Shtb,1,315.0,5.833333313465118
0,22:45:00,DDN,Dehradun-New Delhi Shatabdi,NR,1,0,0,DEHRADUN,12018,17:00:00,12017,NDLS,0,,NEW DELHI,Shtb,1,315.0,5.75
0,22:15:00,HWH,Howrah-Patna Jan Shatabdi,ECR,1,0,0,HOWRAH JN,12023,14:05:00,12024,PNBE,0,,PATNA JN,JShtb,0,532.0,8.16666667163372
0,13:25:00,PNBE,Patna-Howrah Jan Shatabdi,ECR,1,0,0,PATNA JN,12024,05:45:00,12023,HWH,0,,HOWRAH JN,JShtb,0,532.0,7.666666686534882
0,14:10:00,PUNE,Pune-Secunderabad Shatabdi Express,CR,1,0,0,PUNE JN,12025,05:50:00,12026,SC,0,,SECUNDERABAD JN,Shtb,0,597.0,8.33333334326744
0,23:00:00,SC,Secunderabad-Pune Shatabdi,CR,1,0,0,SECUNDERABAD JN,12026,14:40:00,12025,PUNE,0,,PUNE JN,Shtb,1,597.0,8.33333334326744
0,11:00:00,SBC,BANGALORE CITY - CHENNAI CENT Shatabdi Exp,SWR,1,0,0,BANGALORE CITY JN,12028,06:00:00,12027,MAS,0,,CHENNAI CENTRAL,Shtb,0,362.0,5.0
0,13:25:00,NDLS,New Delhi-Amritsar Swarna Shatabdi Express,NR,1,0,0,NEW DELHI,12029,07:20:00,12030,ASR,0,,AMRITSAR JN,Shtb,1,448.0,6.08333333581686
0,13:25:00,NDLS,Amritsar Shatabdi Express,NR,1,0,0,NEW DELHI,12031,07:20:00,12032,ASR,0,,AMRITSAR JN,Shtb,1,448.0,6.08333333581686
0,23:05:00,ASR,Amritsar Shatabdi Express,NR,1,0,0,AMRITSAR JN,12032,16:55:00,12031,NDLS,0,,NEW DELHI,Shtb,1,448.0,6.16666667163372
0,11:10:00,CNB,Kanpur Shatabdi,NCR,1,0,0,KANPUR CENTRAL,12033,06:00:00,12034,NDLS,0,,NEW DELHI,Shtb,1,437.0,5.16666667163372
0,20:50:00,NDLS,New Delhi-Kanpur Shatabdi Express,NCR,1,0,0,NEW DELHI,12034,15:55:00,12033,CNB,0,,KANPUR CENTRAL,Shtb,1,437.0,4.916666686534882
0,12:20:00,NDLS,New Delhi-Ludhiana Shatabdi Express,NR,1,0,0,NEW DELHI,12037,07:00:00,12038,LDH,0,,LUDHIANA JN,Shtb,0,329.0,5.333333343267441
0,22:05:00,LDH,Ludhiana-New Delhi Shatabdi Express,NR,1,0,0,LUDHIANA JN,12038,16:40:00,12037,NDLS,0,,NEW DELHI,Shtb,0,329.0,5.416666656732559
0,14:10:00,DR,DADAR - MADGAON Jan Shatabdi Exp,KR,1,0,0,MUMBAI DADAR CENTRAL,12051,05:10:00,12052,MAO,0,,MADGAON,JShtb,0,765.0,9.0
0,23:20:00,MAO,MADGAON - DADAR Jan Shatabdi Exp,KR,1,0,0,MADGAON,12052,14:30:00,12051,DR,0,,MUMBAI DADAR CENTRAL,JShtb,0,765.0,8.833333313465118
0,21:55:00,HW,Haridwar Amritsar Jan Shatabdi Express,NR,1,0,0,HARIDWAR JN,12053,14:35:00,12054,ASR,0,,AMRITSAR JN,JShtb,0,407.0,7.333333343267441
0,13:55:00,ASR,Amritsar Haridwar Jan Shatabdi,NR,1,0,0,AMRITSAR JN,12054,07:00:00,12053,HW,0,,HARIDWAR JN,JShtb,0,407.0,6.916666686534882
0,21:10:00,NDLS,Dehradun Jan Shatabdi Express,NR,1,0,0,NEW DELHI,12055,15:15:00,12056,DDN,0,,DEHRADUN,JShtb,0,303.0,5.916666686534882
0,12:30:00,KOTA,Kota-Hazrat Nizamuddin Jan Shatabdi,WCR,1,0,0,KOTA JN,12059,05:55:00,12060,NZM,0,,DELHI H NIZAMUDDIN,JShtb,0,458.0,6.583333313465118
0,19:40:00,NZM,Hazarat Nizamuddin-Kota Jan Shatabdi,WCR,1,0,0,DELHI H NIZAMUDDIN,12060,13:20:00,12059,KOTA,0,,KOTA JN,JShtb,0,458.0,6.333333343267441
0,21:20:00,MV,Mayiladuturai-Coimbatore Jan Shatabdi,SR,1,0,0,MAYILADUTURAI JN,12083,14:45:00,12084,CBE,0,,COIMBATORE JN,JShtb,0,362.0,6.583333313465118
1,15:10:00,LTT,Mumbai LTT Lucknow Superfast Express,CR,0,0,1,LOKMANYA TILAK TERM,12107,16:25:00,12108,LJN,1,,LUCKNOW JN,SF,0,1410.0,22.75
1,22:45:00,LJN,Lucknow Mumbai LTT Superfast Express,CR,0,0,1,LUCKNOW JN,12108,22:45:00,12107,LTT,1,,LOKMANYA TILAK TERM,SF,0,1409.0,24.0
0,10:45:00,MMR,Panchavati Express,CR,1,0,0,MANMAD JN,12110,06:10:00,12109,CSTM,0,,MUMBAI CST,SF,0,261.0,4.583333313465118
0,11:15:00,DDN,Dehradun Jan Shatabdi Express,NR,1,0,0,DEHRADUN,12056,05:10:00,12055,NDLS,0,,NEW DELHI,JShtb,0,305.0,6.08333333581686
0,12:45:00,AWB,Aurangabad Mumbai Jan Shatabdi,SCR,1,0,0,AURANGABAD,12072,06:00:00,12071,CSTM,0,,MUMBAI CST,JShtb,0,374.0,6.75
0,12:50:00,BBS,Bhubaneswar-Howrah Jan Shatabdi Express,ECoR,1,0,0,BHUBANESWAR,12074,06:20:00,12073,HWH,0,,HOWRAH JN,JShtb,0,439.0,6.5
0,20:55:00,CLT,Kozhikode-Trivandrum Jan Shatabdi Express,SR,1,0,0,KOZHIKODE,12075,13:40:00,12076,TVC,0,,TRIVANDRUM CENTRAL,JShtb,0,399.0,7.25
0,13:00:00,TVC,Trivandrum-Kozhikode Jan Shatabdi Express,SR,1,0,0,TRIVANDRUM CENTRAL,12076,06:00:00,12075,CLT,0,,KOZHIKODE,JShtb,0,399.0,7.0
0,21:10:00,BZA,Vijayawada Chennai Jan Shatabdi,SR,1,0,0,VIJAYAWADA JN,12078,14:35:00,12077,MAS,0,,CHENNAI CENTRAL,JShtb,0,431.0,6.583333313465118
0,13:25:00,SBC,Bangalore City-Hubli Jan Shatabdi,SWR,1,0,0,BANGALORE CITY JN,12079,06:00:00,12080,UBL,0,,HUBLI JN,JShtb,0,469.0,7.416666656732559
0,21:25:00,UBL,Hubli Bangalore Janshatabdi,SWR,1,0,0,HUBLI JN,12080,14:00:00,12079,SBC,0,,BANGALORE CITY JN,JShtb,0,469.0,7.416666656732559
0,13:45:00,CLT,Kozhikode - Trivandrum Jan Shatabdi,SR,1,0,0,KOZHIKODE,12081,06:15:00,12082,TVC,0,,TRIVANDRUM CENTRAL,JShtb,0,413.0,7.5
0,22:05:00,TVC,Trivandrum-Kozhikode Jan Shatabdi,SR,1,0,0,TRIVANDRUM CENTRAL,12082,14:20:00,"Trivandrum Jan Shatabdi"" href=/train/13981/1242/59> 12081",CLT,0,,KOZHIKODE,JShtb,0,413.0,7.75
1,03:35:00,LTT,MUMBAI LTT - HOWRAH Janeswari Super Deluxe Exp,CR,0,0,1,LOKMANYA TILAK TERM,12101,20:35:00,12102,HWH,1,,HOWRAH JN,SF,1,1952.0,31.0
1,05:45:00,HWH,HOWRAH - MUMBAI LTT Janeswari Super Deluxe Exp,CR,0,0,1,HOWRAH JN,12102,22:55:00,12101,LTT,1,,LOKMANYA TILAK TERM,SF,1,1952.0,30.83333331346512
1,17:10:00,PUNE,Pune Lucknow Jn SuperFast Express,CR,0,0,1,PUNE JN,12103,16:15:00,12104,LJN,1,,LUCKNOW JN,SF,0,1478.0,24.91666668653488
1,08:05:00,LJN,Lucknow Jn - Pune Express,CR,0,0,1,LUCKNOW JN,12104,06:30:00,12103,PUNE,1,,PUNE JN,SF,0,1477.0,25.58333331346512
1,11:10:00,CSTM,Vidarbha Express,CR,0,0,1,MUMBAI CST,12105,19:10:00,12106,G,1,,GONDIA JN,SF,1,968.0,16.0
1,06:50:00,G,Vidarbha Express,CR,0,0,1,GONDIA JN,12106,14:55:00,12105,CSTM,1,,MUMBAI CST,SF,1,968.0,15.916666686534882
0,22:50:00,CSTM,Panchavati Express,CR,1,0,0,MUMBAI CST,12109,18:15:00,12110,MMR,0,,MANMAD JN,SF,0,261.0,4.583333313465118
1,08:15:00,CSTM,Mumbai CST-Amaravati SF Express,CR,0,0,1,MUMBAI CST,12111,20:05:00,12112,AMI,1,,Amravati,SF,1,673.0,12.16666667163372
1,06:35:00,AMI,Amaravati-Mumbai CST Express,CR,0,0,1,Amravati,12112,19:05:00,12111,CSTM,1,,MUMBAI CST,SF,1,673.0,11.5
1,09:25:00,PUNE,Pune-Nagpur Garib Rath Express,CR,0,0,0,PUNE JN,12113,17:40:00,12114,NGP,0,,NAGPUR,GR,0,890.0,15.75
1,09:45:00,NGP,Nagpur-Pune Garib Rath,CR,0,0,0,NAGPUR,12114,18:35:00,12113,PUNE,0,,PUNE JN,GR,0,890.0,15.16666667163372
1,06:57:00,CSTM,Siddheshwar Express,CR,0,0,1,MUMBAI CST,12115,22:42:00,12116,SUR,1,,SOLAPUR JN,SF,1,455.0,8.25
1,07:00:00,SUR,Siddheshwar Express,CR,0,0,1,SOLAPUR JN,12116,22:45:00,12115,CSTM,1,,MUMBAI CST,SF,1,455.0,8.25
1,08:00:00,NZM,DELHI H NIZAMUDDIN - JABALPUR S Kranti Exp,WCR,0,0,1,DELHI H NIZAMUDDIN,12122,17:25:00,12121,JBP,1,,JABALPUR,SKr,1,909.0,14.583333313465118
1,09:25:00,PUNE,Pune -Nagpur SuperFast Express,CR,0,0,1,PUNE JN,12135,17:40:00,12136,NGP,1,,NAGPUR,SF,0,890.0,15.75
1,09:45:00,NGP,Nagpur Pune Express,CR,0,0,1,NAGPUR,12136,18:35:00,12135,PUNE,1,,PUNE JN,SF,0,890.0,15.16666667163372
1,06:10:00,CSTM,Sevagram Express,CR,0,0,1,MUMBAI CST,12139,15:00:00,12140,NGP,1,,NAGPUR,SF,0,838.0,15.16666667163372
1,12:00:00,NGP,Sevagram Express,CR,0,0,1,NAGPUR,12140,21:00:00,12139,CSTM,1,,MUMBAI CST,SF,0,838.0,15.0
1,04:10:00,SLN,Sultanpur-LTT Weekly SF Express,CR,0,0,1,SULTANPUR,12144,23:55:00,12143,LTT,1,,LOKMANYA TILAK TERM,SF,0,1550.0,28.25
1,16:20:00,NZM,Nizamuddin-Kolhapur Express,CR,0,0,1,DELHI H NIZAMUDDIN,12148,06:00:00,12147,KOP,1,,C SHAHU M RAJ KOLHAPUR TERM,SF,0,1915.0,34.33333334326744
1,12:55:00,LTT,Lashkar Superfast Express,CR,0,0,1,LOKMANYA TILAK TERM,12161,16:25:00,12162,AGC,1,,AGRA CANTT,SF,0,1334.0,20.5
1,22:45:00,AGC,Lashkar Express,CR,0,0,1,AGRA CANTT,12162,23:50:00,12161,LTT,1,,LOKMANYA TILAK TERM,SF,0,1334.0,22.91666668653488
0,20:25:00,CSTM,Deccan Queen SF Express,CR,1,0,0,MUMBAI CST,12123,17:10:00,12124,PUNE,0,,PUNE JN,SF,0,192.0,3.25
0,10:25:00,PUNE,Deccan Queen SF Express,CR,1,0,0,PUNE JN,12124,07:15:00,12123,CSTM,0,,MUMBAI CST,SF,0,192.0,3.1666666716337204
0,19:53:00,CSTM,Pragati Superfast Express,CR,1,0,0,MUMBAI CST,12125,16:25:00,12124,PUNE,0,,PUNE JN,SF,0,192.0,3.466666668653488
0,11:10:00,PUNE,Pragati Superfast Express,CR,1,0,0,PUNE JN,12126,07:50:00,12127,CSTM,0,,MUMBAI CST,SF,0,192.0,3.333333343267441
0,09:52:00,CSTM,MumbaiCST-Pune SF InterCity,CR,1,0,0,MUMBAI CST,12127,06:45:00,12128,PUNE,0,,PUNE JN,SF,0,192.0,3.116666667163372
0,21:00:00,PUNE,Pune-MumbaiCST Intercity Express,CR,1,0,0,PUNE JN,12128,17:55:00,12127,CSTM,0,,MUMBAI CST,SF,0,192.0,3.08333333581686
1,03:50:00,PUNE,PUNE - HOWRAH Azad Hind SF Exp,CR,0,0,1,PUNE JN,12129,18:25:00,12130,HWH,1,,HOWRAH JN,SF,0,2020.0,33.41666665673256
1,06:50:00,HWH,HOWRAH - PUNE Azad Hind SF Exp,CR,0,0,1,HOWRAH JN,12130,21:55:00,12129,PUNE,1,,PUNE JN,SF,0,2020.0,32.91666668653488
1,03:51:00,DR,Mumbai Dadar-Sainagar Shirdi Express,CR,0,0,1,MUMBAI DADAR CENTRAL,12131,21:45:00,12132,SNSI,1,,SAINAGAR SHIRDI,SF,0,336.0,6.100000001490116
1,16:05:00,SNSI,Sainagar Shirdi-Mumbai Dadar Express,CR,0,0,1,SAINAGAR SHIRDI,12132,10:00:00,12131,DR,1,,MUMBAI DADAR CENTRAL,SF,0,336.0,6.08333333581686
1,04:40:00,LTT,MUMBAI LTT - PATLIPUTRA SF Exp,CR,0,0,1,LOKMANYA TILAK TERM,12141,23:25:00,12142,PPTA,1,,PATLIPUTRA,SF,0,1714.0,29.25
1,05:30:00,LTT,MUMBAI LTT - PURI SF Exp,CR,0,0,1,LOKMANYA TILAK TERM,12145,20:35:00,12146,PURI,1,,PURI,SF,0,1818.0,32.91666668653488
1,17:05:00,KOP,Kolhapur-Nizamuddin Express,CR,0,0,1,C SHAHU M RAJ KOLHAPUR TERM,12147,09:05:00,12148,NZM,1,,DELHI H NIZAMUDDIN,SF,0,1915.0,32.0
1,04:00:00,PUNE,PUNE - PATLIPUTRA SF Exp,CR,0,0,1,PUNE JN,12149,20:55:00,12150,PPTA,1,,PATLIPUTRA,SF,0,1781.0,31.08333333581686
1,05:30:00,PPTA,PATLIPUTRA - PUNE SF Exp,CR,0,0,1,PATLIPUTRA,12150,22:55:00,12149,PUNE,1,,PUNE JN,SF,0,1780.0,30.58333331346512
1,08:25:00,LTT,MUMBAI LTT - HOWRAH Samarsata SF Exp,CR,0,0,1,LOKMANYA TILAK TERM,12151,20:35:00,12152,HWH,1,,HOWRAH JN,SF,1,2082.0,35.83333331346512
1,07:30:00,HWH,HOWRAH - MUMBAI LTT Samarsata SF Exp,CR,0,0,1,HOWRAH JN,12152,21:15:00,12151,LTT,1,,LOKMANYA TILAK TERM,SF,1,2082.0,34.25
1,08:05:00,HBJ,Shaan-e-Bhopal Express,WCR,0,0,1,HABIBGANJ,12155,21:05:00,12156,NZM,1,,DELHI H NIZAMUDDIN,SF,1,700.0,11.0
1,07:05:00,NZM,Shaan E Bhopal SF Express,WCR,0,0,1,DELHI H NIZAMUDDIN,12156,21:00:00,12155,HBJ,1,,HABIBGANJ,SF,1,700.0,10.08333333581686
0,22:00:00,PUNE,Hutatma Express,CR,1,0,0,PUNE JN,12157,18:00:00,12158,SUR,0,,SOLAPUR JN,SF,0,264.0,4.0
0,10:30:00,SUR,Hutatma Express,CR,1,0,0,SOLAPUR JN,12158,06:30:00,12157,PUNE,0,,PUNE JN,SF,0,264.0,4.0
1,06:45:00,AMI,Amravati -Jabalpur Express,CR,0,0,1,Amravati,12159,17:45:00,12160,JBP,1,,JABALPUR,SF,0,726.0,13.0
1,09:50:00,JBP,Jabalpur - Amravati Express,CR,0,0,1,JABALPUR,12160,20:50:00,12159,AMI,1,,Amravati,SF,0,726.0,13.0
1,21:40:00,BSB,VARANASI - MUMBAI LTT Ratnagiri SF Exp,CR,0,0,1,VARANASI JN,12166,20:25:00,12165,LTT,1,,LOKMANYA TILAK TERM,SF,0,1483.0,25.25
1,03:50:00,LTT,MUMBAI LTT - VARANASI SF Exp,CR,0,0,1,LOKMANYA TILAK TERM,12167,00:35:00,12168,BSB,0,,VARANASI JN,SF,0,1480.0,27.25
1,12:30:00,BSB,VARANASI - MUMBAI LTT SF Exp,CR,0,0,1,VARANASI JN,12168,10:25:00,12167,LTT,0,,LOKMANYA TILAK TERM,SF,0,1480.0,26.08333333581686
0,13:30:00,PUNE,Pune Solapur InterCity Express,CR,1,0,0,PUNE JN,12169,09:30:00,12170,SUR,0,,SOLAPUR JN,SF,0,264.0,4.0
0,18:05:00,SUR,Solapur Pune Intercity Express,CR,1,0,0,SOLAPUR JN,12170,14:00:00,12169,PUNE,0,,PUNE JN,SF,0,264.0,4.08333333581686
1,13:15:00,LTT,Mumbai LTT -Haridwar AC Express,CR,0,0,0,LOKMANYA TILAK TERM,12171,07:55:00,12172,HW,1,,HARIDWAR JN,SF,1,1772.0,29.33333334326744
1,23:45:00,HW,Haridwar-Mumbai LTT AC Express,CR,0,0,0,HARIDWAR JN,12172,18:40:00,12171,LTT,1,,LOKMANYA TILAK TERM,SF,1,1772.0,29.08333333581686
1,18:55:00,LTT,Udyog Nagri Express,CR,0,0,1,LOKMANYA TILAK TERM,12173,16:25:00,12174,PBH,1,,PARTAPGARH JN,SF,0,1583.0,26.5
1,06:15:00,PBH,Udyog Nagri Express,CR,0,0,1,PARTAPGARH JN,12174,01:50:00,12173,LTT,1,,LOKMANYA TILAK TERM,SF,0,1583.0,28.41666665673256
1,20:30:00,HWH,Chambal Express,NCR,0,0,1,HOWRAH JN,12177,17:45:00,12178,MTJ,1,,MATHURA JN,SF,0,1475.0,26.75
1,06:45:00,GWL,Chambal Express,CR,0,0,1,GWALIOR JN,12176,07:05:00,12175,HWH,1,,HOWRAH JN,SF,0,1303.0,23.66666668653488
1,06:50:00,YPR,Yeswantpur-Delhi Sarai Rohilla AC Duronto Express,NR,0,0,0,YESVANTPUR JN,12213,23:40:00,12214,DEE,1,,DELHI SARAI ROHILLA,Drnt,1,2314.0,31.16666667163372
1,08:10:00,DEE,Delhi Sarai Rohilla-Mumbai BandraT Garib Rath,NR,0,0,0,DELHI SARAI ROHILLA,12215,09:20:00,12216,BDTS,0,,MUMBAI BANDRA TERMINUS,GR,0,1431.0,22.83333331346512
1,12:20:00,BDTS,Mumbai Bandra T. - Delhi Sarai Rohilla Garib Rath,NR,0,0,0,MUMBAI BANDRA TERMINUS,12216,12:55:00,12215,DEE,0,,DELHI SARAI ROHILLA,GR,0,1431.0,23.41666665673256
1,14:50:00,CDG,CHANDIGARH - KOCHUVELI Kerala Sampark Kranti Exp,NR,0,0,1,CHANDIGARH,12218,09:00:00,12217,KCVL,1,,KOCHUVELI,SKr,1,3415.0,53.83333331346512
1,11:05:00,LTT,Lokmanya Tilak (T)-Secunderabad AC Duronto Express,SCR,0,0,0,LOKMANYA TILAK TERM,12219,23:05:00,12220,SC,1,,SECUNDERABAD JN,Drnt,1,773.0,12.0
1,11:05:00,SC,Secunderabad-Mumbai LTT AC Duronto Express,SCR,0,0,0,SECUNDERABAD JN,12220,23:05:00,12219,LTT,1,,LOKMANYA TILAK TERM,Drnt,1,773.0,12.0
1,11:35:00,HWH,HOWRAH - PUNE AC Duronto Exp,SER,0,0,0,HOWRAH JN,12222,08:20:00,12221,PUNE,1,,PUNE JN,Drnt,1,2020.0,27.25
1,17:45:00,LTT,MUM LTT - ERNAKULAM AC Duronto,CR,0,0,0,LOKMANYA TILAK TERM,12223,20:50:00,12224,ERS,1,,ERNAKULAM JN,Drnt,1,1599.0,20.91666668653488
1,18:15:00,ERS,ERNAKULAM - MUM LTT AC Duronto,SR,0,0,0,ERNAKULAM JN,12224,21:30:00,12223,LTT,1,,LOKMANYA TILAK TERM,Drnt,1,1598.0,20.75
1,11:50:00,INDB,Indore- Mumbai Central Duronto Express,WR,0,0,0,INDORE JN BG,12228,23:00:00,12227,BCT,1,,Mumbai Central,Drnt,1,829.0,12.833333313465118
1,06:50:00,LKO,Lucknow Mail,NR,0,0,1,LUCKNOW,12229,22:10:00,12230,NDLS,1,,NEW DELHI,SF,1,493.0,8.666666686534882
1,06:45:00,NDLS,Lucknow Mail,NR,0,0,1,NEW DELHI,12230,22:10:00,12229,LKO,1,,LUCKNOW,SF,1,493.0,8.583333313465118
1,09:55:00,LKO,Lucknow-Chandigarh Express,NR,0,0,1,LUCKNOW,12231,22:30:00,12232,CDG,1,,CHANDIGARH,SF,0,667.0,11.41666665673256
1,08:35:00,CDG,Chandigarh - Lucknow Sadhbhavna SF Express,NR,0,0,1,CHANDIGARH,12232,20:50:00,12231,LKO,1,,LUCKNOW,SF,0,667.0,11.75
1,13:55:00,BCT,Mumbai Central Jaipur AC Duronto Express,WR,0,0,0,Mumbai Central,12239,23:15:00,12240,JP,1,,JAIPUR,Drnt,1,1159.0,14.666666686534882
1,12:25:00,NDLS,New Delhi-Sealdah AC Duronto Express,ER,0,0,0,NEW DELHI,12260,20:05:00,12259,SDAH,1,,KOLKATA SEALDAH,Drnt,1,1453.0,16.33333334326744
1,06:05:00,HWH,Howrah-New Delhi Duronto Express,ER,0,0,1,HOWRAH JN,12273,13:00:00,12274,NDLS,1,,NEW DELHI,Drnt,1,1446.0,17.08333333581686
1,06:00:00,NDLS,New Delhi-Howrah Duronto Express,ER,0,0,1,NEW DELHI,12274,13:00:00,12273,HWH,1,,HOWRAH JN,Drnt,1,1441.0,17.0
1,13:45:00,DBRG,DIBRUGARH - NEW DELHI Rajdhani Exp,NR,0,0,0,DIBRUGARH,12235,19:15:00,12236,NDLS,1,,NEW DELHI,Raj,1,2453.0,42.5
1,05:45:00,NDLS,NEW DELHI - DIBRUGARH Rajdhani Exp,NR,0,0,0,NEW DELHI,12236,09:30:00,12235,DBRG,1,,DIBRUGARH,Raj,1,2474.0,44.25
1,11:25:00,BSB,Varanasi-Jammu Tawi SF Express,NR,0,0,1,VARANASI JN,12237,12:50:00,12238,JAT,0,,JAMMU TAWI,SF,0,1261.0,22.58333331346512
1,13:00:00,JAT,Jammu-Varanasi SF Express,NR,0,0,1,JAMMU TAWI,12238,14:00:00,12237,BSB,0,,VARANASI JN,SF,0,1261.0,23.0
0,23:15:00,CDG,Chandigarh-Amritsar Duronto Express,NR,1,0,0,CHANDIGARH,12241,19:00:00,12242,ASR,0,,AMRITSAR JN,Drnt,0,267.0,4.25
0,13:30:00,MAS,Chennai Central-Coimbatore AC Duronto Express,SR,1,0,0,CHENNAI CENTRAL,12243,06:50:00,12244,CBE,0,,COIMBATORE JN,Drnt,0,497.0,6.666666686534882
0,21:50:00,CBE,Coimbatore-Chennai Central AC Duronto Express,SR,1,0,0,COIMBATORE JN,12244,15:05:00,12243,MAS,0,,CHENNAI CENTRAL,Drnt,0,497.0,6.75
1,04:30:00,YPR,Wainganga express,SWR,0,0,1,YESVANTPUR JN,12251,23:40:00,12252,KRBA,1,,Korba,SF,0,1614.0,28.83333331346512
1,13:30:00,KRBA,Wainganga express,SWR,0,0,1,Korba,12252,08:00:00,12251,YPR,1,,YESVANTPUR JN,SF,0,1605.0,29.5
1,19:40:00,CSTM,MUMBAI CST - HOWRAH AC Duronto Exp,SER,0,0,0,MUMBAI CST,12261,17:15:00,12262,HWH,1,,HOWRAH JN,Drnt,1,1968.0,26.41666665673256
1,10:30:00,HWH,HOWRAH - MUMBAI CST AC Duronto Exp,SER,0,0,0,HOWRAH JN,12262,08:20:00,12261,CSTM,1,,MUMBAI CST,Drnt,1,1968.0,26.16666667163372
1,07:00:00,NZM,Hazrat Nizamuddin-Pune AC Duronto Express,NR,0,0,0,DELHI H NIZAMUDDIN,12264,11:00:00,12263,PUNE,1,,PUNE JN,Drnt,1,1508.0,20.0
1,07:10:00,DEE,Delhi Sarai Rohilla Jammu Tawi Duronto Express,NR,0,0,1,DELHI SARAI ROHILLA,12265,22:15:00,12266,JAT,1,,JAMMU TAWI,Drnt,1,578.0,8.916666686534882
1,04:00:00,JAT,Jammu Tawi-Delhi Sarai Rohilla Duronto Express,NR,0,0,1,JAMMU TAWI,12266,19:25:00,12265,DEE,1,,DELHI SARAI ROHILLA,Drnt,1,578.0,8.583333313465118
1,06:00:00,BCT,Mumbai Central-Ahmedabad AC Duronto Express,WR,0,0,0,Mumbai Central,12267,23:25:00,12268,ADI,1,,AHMEDABAD JN,Drnt,1,491.0,6.583333313465118
1,06:15:00,ADI,Ahmedabad-Mumbai Central AC Duronto Express,WR,0,0,0,AHMEDABAD JN,12268,23:45:00,12267,BCT,1,,Mumbai Central,Drnt,1,491.0,6.5
1,10:35:00,MAS,Chennai-Hazrat Nizamuddin Duronto Express,SR,0,0,1,CHENNAI CENTRAL,12269,06:40:00,12270,NZM,1,,DELHI H NIZAMUDDIN,Drnt,1,2176.0,27.91666668653488
1,20:10:00,NZM,Hazrat Nizamuddin-Chennai Duronto,SR,0,0,1,DELHI H NIZAMUDDIN,12270,15:50:00,12269,MAS,1,,CHENNAI CENTRAL,Drnt,1,2176.0,28.33333334326744
1,06:05:00,ALD,Allahabad-New Delhi Duronto Express,NCR,0,0,1,ALLAHABAD JN,12275,22:40:00,12276,NDLS,1,,NEW DELHI,Drnt,1,634.0,7.416666656732559
1,06:20:00,NDLS,New Delhi-Allahabad Duronto Express,NCR,0,0,1,NEW DELHI,12276,23:00:00,12275,ALD,1,,ALLAHABAD JN,Drnt,1,634.0,7.333333343267441
0,21:40:00,HWH,Howrah Puri Duronto Express,ECoR,1,0,0,HOWRAH JN,12277,14:25:00,12278,PURI,0,,PURI,Drnt,0,502.0,7.25
1,09:55:00,HWH,Howrah-New Delhi Rajdhani Express,ER,0,0,0,HOWRAH JN,12301,16:55:00,12302,NDLS,1,,NEW DELHI,Raj,1,1447.0,17.0
1,06:00:00,HWH,Howrah-Jodhpur SF Express,ER,0,0,1,HOWRAH JN,12307,23:30:00,12308,JU,1,,JODHPUR JN,SF,0,1814.0,30.5
1,04:30:00,HWH,Kalka Mail,ER,0,0,1,HOWRAH JN,12311,19:40:00,12312,KLK,1,,Kalka,SF,1,1743.0,32.83333331346512
1,10:20:00,SDAH,KOL SEALDAH - NEW DELHI Rajdhani Exp,ER,0,0,0,KOLKATA SEALDAH,12313,16:50:00,12314,NDLS,1,,NEW DELHI,Raj,1,1454.0,17.5
1,10:15:00,NDLS,NEW DELHI - KOL SEALDAH Rajdhani Exp,ER,0,0,0,NEW DELHI,12314,16:30:00,12313,SDAH,1,,KOLKATA SEALDAH,Raj,1,1454.0,17.75
0,13:45:00,PURI,Puri-Howrah AC Duronto Express,ECoR,1,0,0,PURI,12278,06:30:00,12277,HWH,0,,HOWRAH JN,Drnt,0,502.0,7.25
0,22:00:00,JHS,Jhansi-H.Nizamuddin Taj Express,NR,1,0,0,JHANSI JN,12279,15:20:00,12280,NZM,0,,DELHI H NIZAMUDDIN,SF,0,403.0,6.666666686534882
0,13:40:00,NZM,H.Nizamuddin-Jhansi Taj Express,NR,1,0,0,DELHI H NIZAMUDDIN,12280,07:10:00,12279,JHS,0,,JHANSI JN,SF,0,403.0,6.5
1,06:05:00,BBS,Bhubaneswar-New Delhi Duronto,ECoR,0,0,1,BHUBANESWAR,12281,08:10:00,12282,NDLS,1,,NEW DELHI,Drnt,1,1724.0,21.91666668653488
1,11:05:00,NDLS,New Delhi-Bhubaneswar Duronto Express,ECoR,0,0,1,NEW DELHI,12282,13:00:00,12281,BBS,1,,BHUBANESWAR,Drnt,1,1724.0,22.08333333581686
1,15:30:00,NZM,DELHI H NIZAMUDDIN - ERNAKULAM Duronto Exp,NR,0,0,1,DELHI H NIZAMUDDIN,12284,21:35:00,12283,ERS,1,,ERNAKULAM JN,Drnt,1,2943.0,41.91666668653488
1,05:15:00,YPR,YESVANTPUR - CHENNAI SF Exp,SWR,0,0,1,YESVANTPUR JN,12291,22:45:00,12292,MAS,1,,CHENNAI CENTRAL,SF,0,370.0,6.5
1,06:10:00,MAS,CHENNAI - YESVANTPUR SF Exp,SWR,0,0,1,CHENNAI CENTRAL,12292,23:30:00,12291,YPR,1,,YESVANTPUR JN,SF,0,370.0,6.666666686534882
1,09:55:00,NDLS,New Delhi-Howrah Rajdhani Express,ER,0,0,0,NEW DELHI,12302,17:00:00,12301,HWH,1,,HOWRAH JN,Raj,1,1447.0,16.91666668653488
1,09:55:00,HWH,Howrah-New Delhi Rajdhani Express,ER,0,0,0,HOWRAH JN,12305,14:05:00,12304,NDLS,1,,NEW DELHI,Raj,1,1530.0,19.83333331346512
1,12:40:00,NDLS,New Delhi-Howrah Rajdhani Express,ER,0,0,0,NEW DELHI,12306,17:00:00,12305,HWH,1,,HOWRAH JN,Raj,1,1542.0,19.66666668653488
1,04:00:00,JU,Jodhpur-Howrah SF Express,ER,0,0,1,JODHPUR JN,12308,20:30:00,12307,HWH,1,,HOWRAH JN,SF,0,1814.0,31.5
1,07:35:00,RJPB,Rajendra Nagar-New Delhi Rajdhani Express,ECR,0,0,0,RAJENDRA NAGAR BIHAR,12309,19:00:00,12310,NDLS,1,,NEW DELHI,Raj,1,1001.0,12.583333313465118
1,06:00:00,NDLS,New Delhi Rajendra Nagar Rajdhani Express,ECR,0,0,0,NEW DELHI,12310,17:10:00,12309,RJPB,1,,RAJENDRA NAGAR BIHAR,Raj,1,1001.0,12.833333313465118
1,07:30:00,KLK,Kalka Mail,ER,0,0,1,Kalka,12312,23:55:00,12311,HWH,1,,HOWRAH JN,SF,1,1743.0,31.58333331346512
1,10:25:00,RJPB,Archana Express,ER,0,0,1,RAJENDRA NAGAR BIHAR,12355,07:05:00,12356,JAT,1,,JAMMU TAWI,SF,0,1510.0,27.33333334326744
1,05:30:00,KOAA,KOLKATA CHITPUR - PATNA Garib Rath Exp,ER,0,0,0,KOLKATA CHITPUR,12359,20:00:00,12360,PNBE,0,,PATNA JN,GR,0,534.0,9.5
0,20:25:00,KOAA,KOLKATA CHITPUR - HALDIBARI SF Intercity Exp,ER,1,0,0,KOLKATA CHITPUR,12363,09:05:00,12364,HDB,0,,HALDIBARI,SF,0,620.0,11.33333334326744
1,07:40:00,BGP,Vikramshila Express,ER,0,0,1,BHAGALPUR,12367,11:15:00,12368,ANVT,1,,ANAND VIHAR TRM,SF,1,1206.0,20.41666665673256
1,09:05:00,SDAH,Padatik Express,ER,0,0,1,KOLKATA SEALDAH,12377,22:55:00,12378,NJP,1,,NEW JALPAIGURI,SF,1,567.0,10.16666667163372
1,06:45:00,NJP,Padatik Express,ER,0,0,1,NEW JALPAIGURI,12378,21:00:00,12377,SDAH,1,,KOLKATA SEALDAH,SF,1,567.0,9.75
1,19:40:00,SDAH,Sealdah - Amritsar Superfast Express,ER,0,0,1,KOLKATA SEALDAH,12379,13:10:00,12380,ASR,1,,AMRITSAR JN,SF,0,1894.0,30.5
0,19:40:00,HWH,Howrah-Dhanbad AC DD Express,ER,1,0,0,HOWRAH JN,12383,15:20:00,12384,DHN,0,,DHANBAD JN,SF,0,259.0,4.333333343267441
0,09:15:00,DHN,Dhanbad-Howrah AC DD Express,ER,1,0,0,DHANBAD JN,12384,05:00:00,12383,HWH,0,,HOWRAH JN,SF,0,259.0,4.25
1,06:40:00,HWH,Howrah- Danapur Express,ER,0,0,1,HOWRAH JN,12351,20:35:00,12352,DNR,1,,DANAPUR,SF,1,541.0,10.08333333581686
1,06:35:00,DNR,Danapur- Howrah Express,ER,0,0,1,DANAPUR,12352,20:35:00,12351,HWH,1,,HOWRAH JN,SF,1,541.0,10.0
1,23:05:00,JAT,Archana Express,ER,0,0,1,JAMMU TAWI,12356,20:15:00,12355,RJPB,1,,RAJENDRA NAGAR BIHAR,SF,0,1510.0,26.83333331346512
1,16:50:00,KOAA,KOLKATA CHITPUR - AMRITSAR Durgiana SF Exp,ER,0,0,1,KOLKATA CHITPUR,12357,12:30:00,12358,ASR,1,,AMRITSAR JN,SF,0,1812.0,28.33333334326744
1,11:05:00,ASR,AMRITSAR - KOLKATA CHITPUR Durgiana SF Exp,ER,0,0,1,AMRITSAR JN,12358,06:05:00,12357,KOAA,1,,KOLKATA CHITPUR,SF,0,1812.0,29.0
1,05:15:00,PNBE,KOLKATA CHITPUR - PATNA Garib Rath Exp,ER,0,0,0,PATNA JN,12360,20:10:00,12359,KOAA,0,,KOLKATA CHITPUR,GR,0,534.0,9.08333333581686
0,19:40:00,HDB,HALDIBARI - KOLKATA CHITPUR SF Intercity Exp,ER,1,0,0,HALDIBARI,12364,08:35:00,12363,KOAA,0,,KOLKATA CHITPUR,SF,0,620.0,11.08333333581686
0,13:55:00,PNBE,Patna-Ranchi Jan Shatabdi Express,ER,1,0,0,PATNA JN,12365,06:15:00,12366,RNC,0,,RANCHI,JShtb,0,411.0,7.666666686534882
0,22:15:00,RNC,Ranchi Patna Jan Shatabdi Express,ER,1,0,0,RANCHI,12366,14:25:00,12365,PNBE,0,,PATNA JN,JShtb,0,411.0,7.833333313465118
1,03:15:00,HW,Kumbh Express,ER,0,0,1,HARIDWAR JN,12370,23:55:00,12369,HWH,1,,HOWRAH JN,SF,0,1536.0,27.33333334326744
1,07:20:00,HWH,Poorva Express,ER,0,0,1,HOWRAH JN,12381,08:20:00,12382,NDLS,1,,NEW DELHI,SF,1,1446.0,23.0
1,16:45:00,NDLS,Poorva Express,ER,0,0,1,NEW DELHI,12382,16:20:00,12381,HWH,1,,HOWRAH JN,SF,1,1446.0,24.41666665673256
1,20:45:00,GAYA,GAYA - CHENNAI EGMORE SF Exp,ER,0,0,1,GAYA JN,12389,05:45:00,12390,MS,1,,CHENNAI EGMORE,SF,0,2346.0,39.0
1,21:40:00,MS,CHENNAI EGMORE - GAYA SF Exp,ER,0,0,1,CHENNAI EGMORE,12390,07:30:00,12389,GAYA,1,,GAYA JN,SF,0,2346.0,38.16666667163372
1,05:10:00,RGD,Shramjeevi Express,ER,0,0,1,Rajgir,12391,08:10:00,12392,NDLS,1,,NEW DELHI,SF,1,1103.0,21.0
1,10:10:00,NDLS,Shramjeevi Express,ECR,0,0,1,NEW DELHI,12392,13:15:00,12391,RGD,1,,Rajgir,SF,1,1103.0,20.91666668653488
1,23:05:00,AII,Ajmer-RajendraNagar Ziyarat Express,ER,0,0,1,AJMER JN,12396,23:55:00,12395,RJPB,1,,RAJENDRA NAGAR BIHAR,SF,0,1305.0,23.16666667163372
1,05:00:00,MTJ,Mathura Allahabad SF Express,NCR,0,0,1,MATHURA JN,12404,20:20:00,12403,ALD,1,,ALLAHABAD JN,SF,1,507.0,8.666666686534882
1,07:25:00,CDG,CHANDIGARH - AMRITSAR Intercity SF Exp,NR,0,0,1,CHANDIGARH,12411,15:55:00,12412,ASR,1,,AMRITSAR JN,SF,1,909.0,15.5
1,07:15:00,ASR,AMRITSAR - CHANDIGARH Intercity SF Exp,NR,0,0,1,AMRITSAR JN,12412,15:25:00,12411,CDG,1,,CHANDIGARH,SF,1,909.0,15.833333313465118
0,14:00:00,LKO,Gomti Express,NR,1,0,0,LUCKNOW,12419,05:25:00,12420,NDLS,1,,NEW DELHI,SF,1,511.0,8.583333313465118
0,21:25:00,NDLS,Gomti Express,NR,1,0,0,NEW DELHI,12420,12:40:00,12419,LKO,1,,LUCKNOW,SF,1,511.0,8.75
1,06:45:00,REWA,REWA - DELHI ANAND VIHAR SF Exp,NR,0,0,1,REWA,12427,16:00:00,12428,ANVT,1,,ANAND VIHAR TRM,SF,0,860.0,14.75
1,14:15:00,ANVT,DELHI ANAND VIHAR - REWA SF Exp,NR,0,0,1,ANAND VIHAR TRM,12428,23:55:00,12427,REWA,1,,REWA,SF,0,860.0,14.33333334326744
1,12:40:00,TVC,TRIVANDRUM - DELHI H NIZAMUDDIN Rajdhani Exp,NR,0,0,0,TRIVANDRUM CENTRAL,12431,19:15:00,12432,NZM,1,,DELHI H NIZAMUDDIN,Raj,1,3149.0,41.41666665673256
1,05:05:00,NZM,DELHI H NIZAMUDDIN - TRIVANDRUM Rajdhani Exp,NR,0,0,0,DELHI H NIZAMUDDIN,12432,11:00:00,12431,TVC,1,,TRIVANDRUM CENTRAL,Raj,1,3149.0,42.08333333581686
1,10:20:00,SC,Secunderabad Rajdhani Express,NR,0,0,0,SECUNDERABAD JN,12437,12:45:00,12438,NZM,1,,DELHI H NIZAMUDDIN,Raj,1,1660.0,21.58333331346512
1,09:10:00,NDLS,NEW DELHI - RANCHI Rajdhani Exp,NR,0,0,0,NEW DELHI,12440,16:10:00,12439,RNC,1,,RANCHI,Raj,1,1306.0,17.0
1,05:00:00,GAYA,Mahabodhi Express,ER,0,0,1,GAYA JN,12397,14:30:00,12398,NDLS,1,,NEW DELHI,SF,0,990.0,14.5
1,05:50:00,NDLS,Mahabodhi Express,ER,0,0,1,NEW DELHI,12398,14:10:00,12397,GAYA,1,,GAYA JN,SF,0,990.0,15.666666686534882
1,11:45:00,IPR,Magadh Express,NR,0,0,1,Islampur,12401,16:10:00,12402,NDLS,1,,NEW DELHI,SF,1,1063.0,19.58333331346512
1,13:55:00,NDLS,Magadh Express,NR,0,0,1,NEW DELHI,12402,20:10:00,12401,IPR,1,,Islampur,SF,1,1063.0,17.75
1,06:55:00,ALD,Prayagraj Express,NCR,0,0,1,ALLAHABAD JN,12417,21:30:00,12418,NDLS,1,,NEW DELHI,SF,1,634.0,9.41666665673256
1,06:45:00,NDLS,Prayagraj Express,NCR,0,0,1,NEW DELHI,12418,21:25:00,12417,ALD,1,,ALLAHABAD JN,SF,1,634.0,9.33333334326744
1,05:40:00,NDLS,Jammu Rajdhani Express,NR,0,0,0,NEW DELHI,12425,20:40:00,12426,JAT,1,,JAMMU TAWI,Raj,1,577.0,9.0
1,05:00:00,JAT,Jammu Rajdhani Express,NR,0,0,0,JAMMU TAWI,12426,19:45:00,12425,NDLS,1,,NEW DELHI,Raj,1,577.0,9.25
1,05:50:00,SBC,Bangalore - Hazrat Nizamuddin Rajdhani Express,NR,0,0,0,BANGALORE CITY JN,12429,20:20:00,12430,NZM,1,,DELHI H NIZAMUDDIN,Raj,1,2365.0,33.5
1,06:40:00,NZM,Delhi H Nizamuddin-Bangalore Rajdhani Express,NR,0,0,0,DELHI H NIZAMUDDIN,12430,20:50:00,12429,SBC,1,,BANGALORE CITY JN,Raj,1,2382.0,33.83333331346512
1,10:20:00,MAS,Chennai Central-Delhi H.Nizamuddin Rajdhani Expres,NR,0,0,0,CHENNAI CENTRAL,12433,06:10:00,12434,NZM,1,,DELHI H NIZAMUDDIN,Raj,1,2176.0,28.16666667163372
1,10:45:00,BSP,Bilaspur-New Delhi Rajdhani Express,NR,0,0,0,BILASPUR JN,12441,14:00:00,12442,NDLS,1,,NEW DELHI,Raj,1,1501.0,20.75
1,12:00:00,NDLS,Bilaspur Rajdhani Express,NR,0,0,0,NEW DELHI,12442,15:45:00,12441,BSP,1,,BILASPUR JN,Raj,1,1501.0,20.25
1,20:50:00,JBN,Seemanchal Express,NR,0,0,1,JOGBANI,12487,20:30:00,12488,ANVT,1,,ANAND VIHAR TRM,SF,0,1383.0,24.33333334326744
1,12:15:00,BKN,Bikaner-Dadar Express,NWR,0,0,1,BIKANER JN,12489,13:50:00,12490,DDR,1,,MUMBAI DADAR WEST,SF,0,1245.0,22.41666665673256
1,13:10:00,DDR,Dadar - Bikaner Express,NWR,0,0,1,MUMBAI DADAR WEST,12490,14:35:00,12489,BKN,1,,BIKANER JN,SF,0,1245.0,22.58333331346512
1,11:50:00,BJU,BARAUNI - JAMMU TAWI Maur Dhwaj Express,NR,0,0,1,BARAUNI JN,12491,07:00:00,12492,JAT,0,,JAMMU TAWI,SF,0,1510.0,28.83333331346512
1,00:30:00,JAT,JAMMU TAWI - BARAUNI Maur Dhwaj Express,NR,0,0,1,JAMMU TAWI,12492,20:15:00,12491,BJU,0,,BARAUNI JN,SF,0,1510.0,28.25
1,05:40:00,KOAA,KOLKATA CHITPUR - BIKANER Pratap Exp,NR,0,0,1,KOLKATA CHITPUR,12496,22:40:00,12495,BKN,1,,BIKANER JN,SF,0,1885.0,31.0
1,05:50:00,SBC,Bangalore-Hazrat Nizammudin Rajdhani Express,NR,0,0,0,BANGALORE CITY JN,12493,20:20:00,12494,NZM,1,,DELHI H NIZAMUDDIN,Raj,1,2294.0,33.5
1,06:40:00,NZM,Hazrat Nizamuddin-Bangalore Rajdhani Express,NR,0,0,0,DELHI H NIZAMUDDIN,12494,20:50:00,12493,SBC,1,,BANGALORE CITY JN,Raj,1,2383.0,33.83333331346512
1,07:55:00,TVC,TRIVANDRUM - GUWAHATI SF Exp,NER,0,0,1,TRIVANDRUM CENTRAL,12507,21:05:00,12508,GHY,1,,GUWAHATI,SF,0,3331.0,58.83333331346512
1,18:15:00,GHY,GUWAHATI - TRIVANDRUM SF Exp,NFR,0,0,1,GUWAHATI,12508,06:30:00,12507,TVC,1,,TRIVANDRUM CENTRAL,SF,0,3332.0,59.75
1,17:50:00,GKP,Rapti Sagar Express,NER,0,0,1,GORAKHPUR JN,12511,06:45:00,12512,TVC,1,,TRIVANDRUM CENTRAL,SF,0,3251.0,59.08333333581686
1,15:10:00,TVC,Rapti Sagar Expres,NER,0,0,1,TRIVANDRUM CENTRAL,12512,05:30:00,12511,GKP,1,,GORAKHPUR JN,SF,0,3251.0,57.66666668653488
1,04:20:00,GHY,GUWAHATI - SECUNDERABAD Exp,NFR,0,0,1,GUWAHATI,12514,06:30:00,12513,SC,1,,SECUNDERABAD JN,SF,0,2551.0,45.83333331346512
1,05:50:00,LTT,MUMBAI LTT - KAMAKHYA AC Exp,SR,0,0,1,LOKMANYA TILAK TERM,12519,05:15:00,12520,KYQ,1,,KAMAKHYA,SF,0,1667.0,24.58333331346512
1,19:00:00,KYQ,KAMAKHYA - MUMBAI LTT AC Exp,CR,0,0,1,KAMAKHYA,12520,18:45:00,12519,LTT,1,,LOKMANYA TILAK TERM,SF,0,1667.0,24.25
1,22:50:00,ERS,Raptisagar Express,ECR,0,0,1,ERNAKULAM JN,12522,10:10:00,12521,BJU,1,,BARAUNI JN,SF,0,3441.0,60.66666668653488
1,06:30:00,CSTM,Mumbai CST-Latur Superfast Express.,CR,0,0,1,MUMBAI CST,12527,21:00:00,12528,LUR,1,,LATUR,SF,1,530.0,9.5
1,08:00:00,LUR,Latur-Mumbai CST Superfast Express,CR,0,0,1,LATUR,12528,22:30:00,12527,CSTM,1,,MUMBAI CST,SF,1,530.0,9.5
1,07:15:00,LJN,Lucknow-Raipur Garib Rath Express,NER,0,0,0,LUCKNOW JN,12535,14:40:00,12536,R,0,,RAIPUR JN,GR,0,917.0,16.58333331346512
1,05:05:00,R,Raipur-Lucknow Garib Rath,NER,0,0,0,RAIPUR JN,12536,12:20:00,12535,LJN,0,,LUCKNOW JN,GR,0,917.0,16.75
1,06:00:00,MKI,Bapudham Express,NER,0,0,1,BAPUDHAM MOTIHARI,12537,21:40:00,12538,MUV,0,,MANDUADIH,SF,0,465.0,8.33333334326744
1,16:05:00,MUV,Bapudham Express,NER,0,0,1,MANDUADIH,12538,07:40:00,12537,MKI,0,,BAPUDHAM MOTIHARI,SF,0,465.0,8.41666665673256
1,08:50:00,YPR,YESVANTPUR - LUCKNOW SF Exp,SWR,0,0,1,YESVANTPUR JN,12539,10:50:00,12540,LKO,1,,LUCKNOW,SF,0,2554.0,46.0
1,16:40:00,LKO,LUCKNOW - YESVANTPUR SF Exp,SWR,0,0,1,LUCKNOW,12540,20:00:00,12539,YPR,1,,YESVANTPUR JN,SF,0,2532.0,44.66666668653488
1,21:05:00,DURG,DURG - JAMMU TAWI SF Exp,SECR,0,0,1,DURG,12549,12:00:00,12550,JAT,1,,JAMMU TAWI,SF,1,1873.0,33.08333333581686
1,14:20:00,JAT,JAMMU TAWI - DURG SF Exp,SECR,0,0,1,JAMMU TAWI,12550,05:00:00,12549,DURG,1,,DURG,SF,1,1873.0,33.33333334326744
1,06:30:00,BJU,Vaishali SF Express,ECR,0,0,1,BARAUNI JN,12553,09:30:00,12554,NDLS,1,,NEW DELHI,SF,1,1185.0,21.0
1,19:15:00,GHY,GUWAHATI - DELHI ANAND VIHAR North East Exp,NFR,0,0,1,GUWAHATI,12505,09:45:00,12506,ANVT,1,,ANAND VIHAR TRM,SF,0,1866.0,33.5
1,16:40:00,ANVT,DELHI ANAND VIHAR - GUWAHATI North East Exp,NFR,0,0,1,ANAND VIHAR TRM,12506,06:50:00,12505,GHY,1,,GUWAHATI,SF,0,1867.0,33.83333331346512
1,05:50:00,TVC,RIVANDRUM - GUWAHATI Exp,NER,0,0,1,TRIVANDRUM CENTRAL,12515,12:50:00,12516,GHY,1,,GUWAHATI,SF,0,3552.0,65.0
1,22:55:00,GHY,GUWAHATI - TRIVANDRUM CENTRAL EXP,NFR,0,0,1,GUWAHATI,12516,06:30:00,12515,TVC,1,,TRIVANDRUM CENTRAL,SF,0,3552.0,64.41666665673256
1,12:10:00,NJP,New Jalpaiguri-New Delhi Superfast Express,NFR,0,0,1,NEW JALPAIGURI,12523,08:15:00,12524,NDLS,1,,NEW DELHI,SF,0,1500.0,27.91666668653488
1,18:35:00,NDLS,New Delhi New Jalpaiguri SuperFast Express,NFR,0,0,1,NEW DELHI,12524,15:10:00,12523,NJP,1,,NEW JALPAIGURI,SF,0,1497.0,27.41666665673256
0,10:50:00,HBJ,Bhopal-Jabalpur Intercity Express,WCR,1,0,0,HABIBGANJ,12529,05:30:00,12530,JBP,0,,JABALPUR,SF,0,331.0,5.333333343267441
0,22:05:00,JBP,Jabalpur-Bhopal Intercity,WCR,1,0,0,JABALPUR,12530,16:10:00,12529,HBJ,0,,HABIBGANJ,SF,0,331.0,5.916666686534882
0,11:00:00,GKP,Gorakhpur Lucknow InterCity Express,NER,1,0,0,GORAKHPUR JN,12531,06:05:00,12532,LJN,0,,LUCKNOW JN,SF,0,279.0,4.916666686534882
0,21:30:00,LJN,Lucknow Gorakhpur Inter City Express,NER,1,0,0,LUCKNOW JN,12532,16:35:00,12531,GKP,0,,GORAKHPUR JN,SF,0,279.0,4.916666686534882
1,20:05:00,LJN,Pushpak Express,NER,0,0,1,LUCKNOW JN,12533,19:45:00,12534,CSTM,1,,MUMBAI CST,SF,1,1426.0,24.33333334326744
1,08:40:00,CSTM,Pushpak Express,NER,0,0,1,MUMBAI CST,12534,08:20:00,12533,LJN,1,,LUCKNOW JN,SF,1,1426.0,24.33333334326744
1,17:15:00,NDLS,Vaishali SF Express,ECR,0,0,1,NEW DELHI,12554,19:50:00,12553,BJU,1,,BARAUNI JN,SF,1,1185.0,21.41666665673256
1,04:05:00,MFP,Sapt Kranti SF Express,ECR,0,0,1,MUZAFFARPUR JN,12557,09:10:00,12558,ANVT,1,,ANAND VIHAR TRM,SF,1,1060.0,18.91666668653488
1,22:25:00,HWH,Howrah Prasanti Nilayam SF Express,NFR,0,0,1,HOWRAH JN,12571,15:50:00,12572,SSPN,1,,SATYA SAI P NILAYAM,SF,0,1763.0,30.58333331346512
1,14:50:00,SSPN,Prashanti Nilayam Howrah SF Express,NFR,0,0,1,SATYA SAI P NILAYAM,12572,07:50:00,12571,HWH,1,,HOWRAH JN,SF,0,1763.0,31.0
1,17:35:00,PUNE,Pune Bhubaneshwar Express,ECoR,0,0,1,PUNE JN,12581,11:15:00,12582,BBS,1,,BHUBANESWAR,SF,0,1689.0,30.33333334326744
1,05:00:00,BBS,Bhubaneshwar-Pune Express,ECoR,0,0,1,BHUBANESWAR,12582,22:15:00,12581,PUNE,1,,PUNE JN,SF,0,1689.0,30.75
1,10:15:00,LJN,LUCKNOW - DELHI ANAND VIHAR T DOUBLE DECKER,NFR,0,0,1,LUCKNOW JN,12583,19:40:00,12584,ANVT,1,,ANAND VIHAR TRM,SF,0,2071.0,38.58333331346512
1,19:50:00,ANVT,DELHI ANAND VIHAR T - LUCKNOW DOUBLE DECKER,NFR,0,0,1,ANAND VIHAR TRM,12584,05:25:00,12583,LJN,1,,LUCKNOW JN,SF,0,2071.0,38.41666665673256
1,10:00:00,HSR,Gorakhdham Express,NER,0,0,1,Hisar,12556,16:35:00,12555,GKP,1,,GORAKHPUR JN,SF,1,962.0,17.41666665673256
1,07:40:00,BSB,Shiv Ganga Express,NER,0,0,1,VARANASI JN,12559,19:15:00,12560,NDLS,1,,NEW DELHI,SF,1,758.0,12.41666665673256
1,07:30:00,NDLS,Shiv Ganga Express,NER,0,0,1,NEW DELHI,12560,18:45:00,12559,BSB,1,,VARANASI JN,SF,1,758.0,12.75
1,18:05:00,NDLS,Swatantrata Sainani Express,ECR,0,0,1,NEW DELHI,12562,20:40:00,12561,DBG,1,,DARBHANGA JN,SF,1,1166.0,21.41666665673256
1,05:30:00,DBG,Bihar Sampark Kranti Express,ECR,0,0,1,DARBHANGA JN,12565,08:35:00,12566,NDLS,1,,NEW DELHI,SKr,1,1172.0,20.91666668653488
1,11:25:00,NDLS,Bihar Sampark Kranti Express,ECR,0,0,1,NEW DELHI,12566,14:30:00,12565,DBG,1,,DARBHANGA JN,SKr,1,1172.0,20.91666668653488
1,12:20:00,GKP,Amarnath Express,NFR,0,0,1,GORAKHPUR JN,12587,14:05:00,12588,JAT,1,,JAMMU TAWI,SF,0,1248.0,22.25
1,20:50:00,JAT,Amarnath Express,NFR,0,0,1,JAMMU TAWI,12588,22:45:00,12587,GKP,1,,GORAKHPUR JN,SF,0,1248.0,22.08333333581686
1,15:10:00,GKP,Gorakhpur-Secunderabad Express,NFR,0,0,1,GORAKHPUR JN,12589,06:45:00,12590,SC,1,,SECUNDERABAD JN,SF,0,1827.0,32.41666665673256
1,15:10:00,SC,Secunderabad - Gorakhpur Express,NFR,0,0,1,SECUNDERABAD JN,12590,07:20:00,12589,GKP,1,,GORAKHPUR JN,SF,0,1827.0,31.83333331346512
0,20:25:00,SBC,BANGALORE - CHENNAI CENT Brindavan Exp,SR,1,0,0,BANGALORE CITY JN,12640,14:30:00,12639,MAS,0,,CHENNAI CENTRAL,SF,0,362.0,5.916666686534882
1,17:05:00,TVC,Swarna Jayanthi Express,SR,0,0,1,TRIVANDRUM CENTRAL,12643,14:20:00,12644,NZM,0,,DELHI H NIZAMUDDIN,SF,0,3014.0,50.75
1,11:10:00,NZM,Swarna Jayanti Express,SR,0,0,1,DELHI H NIZAMUDDIN,12644,06:00:00,12643,TVC,0,,TRIVANDRUM CENTRAL,SF,0,3014.0,53.16666667163372
1,09:15:00,YPR,Karnataka Sampark Kranti Express,SWR,0,0,1,YESVANTPUR JN,12649,22:10:00,12650,NZM,1,,DELHI H NIZAMUDDIN,SKr,1,2277.0,35.08333333581686
1,19:00:00,NZM,Karnataka Sampark Kranti Express,SWR,0,0,1,DELHI H NIZAMUDDIN,12650,06:45:00,12649,YPR,1,,YESVANTPUR JN,SKr,1,2276.0,36.25
1,05:10:00,MAS,CHENNAI - BANGALORE Mail,SWR,0,0,1,CHENNAI CENTRAL,12657,23:15:00,12658,SBC,1,,BANGALORE CITY JN,SF,1,362.0,5.916666686534882
1,04:40:00,SBC,BANGALORE - CHENNAI Mail,SWR,0,0,1,BANGALORE CITY JN,12658,22:45:00,12657,MAS,1,,CHENNAI CENTRAL,SF,1,362.0,5.916666686534882
1,03:20:00,TPJ,Tiruchirappalli-Howrah Express,SR,0,0,1,TIRUCHIRAPPALLI,12664,16:00:00,12663,HWH,1,,HOWRAH JN,SF,0,2025.0,35.33333334326744
1,06:50:00,CAPE,KANNIYAKUMARI - CHENNAI EGMORE SF Exp,SR,0,0,1,KANYAKUMARI,12634,17:20:00,12633,MS,1,,CHENNAI EGMORE,SF,1,742.0,13.5
0,13:20:00,MAS,CHENNAI CENT - BANGALORE Brindavan Exp,SR,1,0,0,CHENNAI CENTRAL,12639,07:15:00,12640,SBC,0,,BANGALORE CITY JN,SF,0,362.0,6.08333333581686
1,17:05:00,ERS,Millennium Expres,SR,0,0,1,ERNAKULAM JN,12645,18:55:00,12646,NZM,1,,DELHI H NIZAMUDDIN,SF,0,2809.0,46.16666667163372
1,06:00:00,NZM,Millennium Express,SR,0,0,1,DELHI H NIZAMUDDIN,12646,06:00:00,12645,ERS,1,,ERNAKULAM JN,SF,0,2809.0,48.0
1,14:15:00,CBE,Kongu Express,SR,0,0,1,COIMBATORE JN,12647,15:15:00,12648,NZM,1,,DELHI H NIZAMUDDIN,SF,0,2671.0,47.0
1,09:30:00,NZM,Kongu Express,SR,0,0,1,DELHI H NIZAMUDDIN,12648,08:40:00,12647,CBE,1,,COIMBATORE JN,SF,0,2671.0,48.83333331346512
1,16:05:00,ADI,Navjeevan Express,SR,0,0,1,AHMEDABAD JN,12655,06:30:00,12656,MAS,1,,CHENNAI CENTRAL,SF,1,1893.0,33.58333331346512
1,19:10:00,MAS,Navajivan Express,SR,0,0,1,CHENNAI CENTRAL,12656,09:35:00,12655,ADI,1,,AHMEDABAD JN,SF,1,1893.0,33.58333331346512
1,13:50:00,NCJ,Gurudev Express,SR,0,0,1,NAGERCOIL JN,12659,14:35:00,12660,SHM,1,,KOLKATA SHALIMAR,SF,0,2583.0,47.25
1,22:00:00,SHM,Shalimar-Nagercoil Gurudev Express,SR,0,0,1,KOLKATA SHALIMAR,12660,23:00:00,12659,NCJ,1,,NAGERCOIL JN,SF,0,2583.0,47.0
1,08:10:00,MS,CHENNAI EGMORE - NAGERCOIL SF Exp,SR,0,0,1,CHENNAI EGMORE,12667,18:50:00,12668,NCJ,1,,NAGERCOIL JN,SF,0,727.0,13.33333334326744
1,06:00:00,NCJ,NAGERCOIL - CHENNAI EGMORE SF Exp,SR,0,0,1,NAGERCOIL JN,12668,17:05:00,12667,MS,1,,CHENNAI EGMORE,SF,0,727.0,12.916666686534882
1,06:10:00,MAS,Cheran Express,SR,0,0,1,CHENNAI CENTRAL,12673,22:10:00,12674,CBE,1,,COIMBATORE JN,SF,1,497.0,8.0
1,06:35:00,CBE,Cheran Express,SR,0,0,1,COIMBATORE JN,12674,22:20:00,12673,MAS,1,,CHENNAI CENTRAL,SF,1,497.0,8.25
0,13:55:00,MAS,Kovai Express,SR,1,0,0,CHENNAI CENTRAL,12675,06:15:00,12676,CBE,0,,COIMBATORE JN,SF,0,497.0,7.666666686534882
0,21:40:00,CBE,Kovai Express,SR,1,0,0,COIMBATORE JN,12676,14:20:00,12675,MAS,0,,CHENNAI CENTRAL,SF,0,497.0,7.333333343267441
0,16:55:00,SBC,Bangalore City - Ernakulam Intercity SF Express,SR,1,0,0,BANGALORE CITY JN,12677,06:15:00,12678,ERS,0,,ERNAKULAM JN,SF,0,587.0,10.666666686534882
0,19:50:00,ERS,Ernakulam-BangaloreCity Intercity Express,SR,1,0,0,ERNAKULAM JN,12678,09:10:00,12677,SBC,0,,BANGALORE CITY JN,SF,0,587.0,10.666666686534882
0,22:15:00,MAS,ChennaiCentral-Coimbatore InterCity,SR,1,0,0,CHENNAI CENTRAL,12679,14:30:00,12680,CBE,0,,COIMBATORE JN,SF,0,497.0,7.75
0,13:50:00,CBE,Coimbatore-Chennai Central InterCity SF Express,SR,1,0,0,COIMBATORE JN,12680,06:15:00,12679,MAS,0,,CHENNAI CENTRAL,SF,0,497.0,7.583333313465118
1,06:50:00,MAS,Chennai-Coimbatore Express,SR,0,0,1,CHENNAI CENTRAL,12681,22:30:00,12682,CBE,1,,COIMBATORE JN,SF,0,497.0,8.33333334326744
1,07:45:00,CBE,Coimbatore-Chennai Express,SR,0,0,1,COIMBATORE JN,12682,23:45:00,12681,MAS,1,,CHENNAI CENTRAL,SF,0,497.0,8.0
1,07:40:00,MAS,Chennai-Trivandrum SuperFast Express,SR,0,1,1,CHENNAI CENTRAL,12695,15:25:00,12696,TVC,1,,TRIVANDRUM CENTRAL,SF,0,922.0,16.25
1,09:50:00,TVC,Trivandrum-Chennai Superfast Express,SR,0,1,1,TRIVANDRUM CENTRAL,12696,17:10:00,12695,MAS,1,,CHENNAI CENTRAL,SF,0,922.0,16.66666668653488
1,06:35:00,MAS,Chennai-Thiruvananthapuram Express,SR,0,0,1,CHENNAI CENTRAL,12697,15:15:00,12696,TVC,1,,TRIVANDRUM CENTRAL,SF,0,909.0,15.33333334326744
1,12:25:00,TVC,Thiruvananthapuram Central Chennai Central weekly express,SR,0,0,1,TRIVANDRUM CENTRAL,12698,20:10:00,12697,MAS,1,,CHENNAI CENTRAL,SF,0,909.0,16.25
1,12:10:00,CSTM,Hussain Sagar Express,SCR,0,0,1,MUMBAI CST,12701,21:50:00,12702,HYB,1,,HYDERABAD DECCAN,SF,1,790.0,14.33333334326744
1,05:05:00,HYB,Hussain Sagar Express,SCR,0,0,1,HYDERABAD DECCAN,12702,14:45:00,12701,CSTM,1,,MUMBAI CST,SF,0,790.0,14.33333334326744
1,09:35:00,HWH,Howrah - Secunderabad Falaknuma SF Express,SCR,0,0,1,HOWRAH JN,12703,07:25:00,12704,SC,1,,SECUNDERABAD JN,SF,1,1545.0,26.16666667163372
1,17:45:00,SC,Falaknuma Express,SCR,0,0,1,SECUNDERABAD JN,12704,16:00:00,12703,HWH,1,,HOWRAH JN,SF,1,1545.0,25.75
1,18:00:00,TPTY,Andhra Pradesh Sampark Kranti Express,SCR,0,0,1,TIRUPATI MAIN,12707,05:45:00,12708,NZM,1,,DELHI H NIZAMUDDIN,SKr,0,2302.0,36.25
1,21:35:00,NZM,Andhra Pradesh Sampark Kranti Express,SCR,0,0,1,DELHI H NIZAMUDDIN,12708,07:25:00,12707,TPTY,1,,TIRUPATI MAIN,SKr,0,2302.0,38.16666667163372
1,08:50:00,SC,Simhapuri SF Express,SCR,0,0,1,SECUNDERABAD JN,12710,22:30:00,12709,GDR,1,,GUDUR JN,SF,1,644.0,10.33333334326744
0,13:00:00,BZA,Pinakini Express,SCR,1,0,0,VIJAYAWADA JN,12711,06:00:00,12712,MAS,0,,CHENNAI CENTRAL,SF,0,431.0,7.0
0,21:10:00,MAS,Pinakini Express,SCR,1,0,0,CHENNAI CENTRAL,12712,14:05:00,12711,BZA,0,,VIJAYAWADA JN,SF,0,431.0,7.08333333581686
0,21:50:00,SC,Satavahana Express,SCR,1,0,0,SECUNDERABAD JN,12714,16:15:00,12713,BZA,0,,VIJAYAWADA JN,SF,0,351.0,5.583333313465118
1,03:20:00,CAPE,KANYAKUMARI - KOL HOWRAH Weekly Exp,SR,0,0,1,KANYAKUMARI,12666,07:50:00,12665,HWH,1,,HOWRAH JN,SF,0,2431.0,43.5
1,11:40:00,MAS,CHENNAI CENTRAL - CHHAPRA Ganga Kaveri Exp,SR,0,0,1,CHENNAI CENTRAL,12669,17:35:00,12670,CPR,1,,CHHAPRA,SF,0,2343.0,42.08333333581686
1,14:25:00,CPR,CHHAPRA - CHENNAI CENTRAL Ganga Kaveri Exp,SR,0,0,1,CHHAPRA,12670,21:00:00,12669,MAS,1,,CHENNAI CENTRAL,SF,0,2343.0,41.41666665673256
1,06:15:00,MAS,Nilgiri (Blue Mountain) Express,SR,0,0,1,CHENNAI CENTRAL,12671,21:00:00,12672,MTP,1,,Mettupalayam,SF,1,532.0,9.25
1,05:05:00,MTP,Nilgiri (Blue Mountain) Express,SR,0,0,1,Mettupalayam,12672,19:45:00,12671,MAS,1,,CHENNAI CENTRAL,SF,1,532.0,9.33333334326744
1,09:05:00,MAS,Chennai - Mangalore Express,SR,0,0,1,CHENNAI CENTRAL,12685,17:00:00,12686,MAQ,1,,MANGALORE CNTL,SF,1,889.0,16.08333333581686
1,08:00:00,MAQ,Mangalore - Chennai Express,SR,0,0,1,MANGALORE CNTL,12686,16:10:00,12685,MAS,1,,CHENNAI CENTRAL,SF,1,889.0,15.833333313465118
1,05:00:00,MAS,Chennai Dehradun Express,SR,0,0,1,CHENNAI CENTRAL,12687,09:45:00,12688,DDN,1,,DEHRADUN,SF,0,2488.0,43.25
1,02:15:00,DDN,Dehradun Chennai Express,SR,0,0,1,DEHRADUN,12688,07:20:00,12687,MAS,1,,CHENNAI CENTRAL,SF,0,2488.0,42.91666668653488
1,12:25:00,NCJ,NAGERCOIL - CHENNAI SF Exp,SR,0,0,1,NAGERCOIL JN,12690,19:40:00,12689,MAS,0,,CHENNAI CENTRAL,SF,0,927.0,16.75
1,09:20:00,MAS,CHENNAI - SSP NILAYAM SF Exp,SR,0,0,1,CHENNAI CENTRAL,12691,23:30:00,12692,SSPN,1,,SATYA SAI P NILAYAM,SF,0,529.0,9.833333313465118
1,05:15:00,SSPN,SSP NILAYAM - CHENNAI SF Exp,SR,0,0,1,SATYA SAI P NILAYAM,12692,18:45:00,12691,MAS,1,,CHENNAI CENTRAL,SF,0,529.0,10.5
1,07:30:00,MS,CHENNAI EGMORE - TUTICORIN Pearl City SF Exp,SR,0,1,1,CHENNAI EGMORE,12693,19:35:00,12694,TN,1,,TUTICORIN,SF,1,656.0,11.916666686534882
1,07:40:00,TN,TUTICORIN - CHENNAI EGMORE Pearl City SF Exp,SR,0,1,1,TUTICORIN,12694,19:45:00,12693,MS,1,,CHENNAI EGMORE,SF,1,656.0,11.916666686534882
0,21:50:00,GNT,Guntur-Secunderabad SF Intercity,SCR,1,0,0,GUNTUR JN,12705,15:00:00,12706,SC,0,,SECUNDERABAD JN,SF,0,383.0,6.833333313465118
0,14:25:00,SC,Secunderabad-Guntur SF Intercity,SCR,1,0,0,SECUNDERABAD JN,12706,07:40:00,12705,GNT,0,,GUNTUR JN,SF,0,383.0,6.75
1,06:30:00,UBL,HUBLI - TRIVANDRUM KOCHUVELI SF Exp,SWR,0,0,1,HUBLI JN,12777,06:50:00,12778,KCVL,1,,KOCHUVELI,SF,0,1307.0,23.66666668653488
0,18:35:00,VSKP,Ratnachal SF Express,SCR,1,0,0,VISHAKAPATNAM,12717,12:30:00,12718,BZA,0,,VIJAYAWADA JN,SF,0,351.0,6.08333333581686
1,06:25:00,KCG,Kacheguda-Bangalore SF Express,SCR,0,0,1,KACHEGUDA,12785,19:05:00,12786,SBC,1,,BANGALORE CITY JN,SF,1,625.0,11.33333334326744
1,19:10:00,SC,SECUNDERABAD - DANAPUR SF EXP,SCR,0,0,1,SECUNDERABAD JN,12791,10:00:00,12792,DNR,1,,DANAPUR,SF,0,1840.0,33.16666667163372
1,21:30:00,DNR,DANAPUR - SECUNDERABAD SF EXP,SCR,0,0,1,DANAPUR,12792,12:05:00,12791,SC,1,,SECUNDERABAD JN,SF,0,1840.0,33.41666665673256
1,05:20:00,NDLS,Purushottam SF Express,ECoR,0,0,1,NEW DELHI,12802,22:20:00,12801,PURI,1,,PURI,SF,0,1863.0,31.0
0,18:25:00,VSKP,Janmabhoomi Express,ECoR,1,0,0,VISHAKAPATNAM,12805,06:00:00,12806,SC,0,,SECUNDERABAD JN,SF,0,689.0,12.41666665673256
0,19:40:00,SC,Janmabhoomi Express,ECoR,1,0,0,SECUNDERABAD JN,12806,07:10:00,12805,VSKP,0,,VISHAKAPATNAM,SF,0,689.0,12.5
1,03:45:00,LTT,MUMBAI - HATIA LTT SF Exp,SER,0,0,1,LOKMANYA TILAK TERM,12811,00:15:00,12812,HTE,1,,HATIA,SF,0,1706.0,27.5
1,13:35:00,HTE,HATIA - MUMBAI LTT SF Exp,SER,0,0,1,HATIA,12812,09:40:00,12811,LTT,1,,LOKMANYA TILAK TERM,SF,0,1706.0,27.91666668653488
1,21:25:00,HWH,Steel Express,SER,1,0,0,HOWRAH JN,12813,17:30:00,12814,TATA,0,,TATANAGAR JN,SF,1,250.0,3.9166666865348816
1,10:20:00,TATA,Steel Express,SER,1,0,0,TATANAGAR JN,12814,06:15:00,12813,HWH,0,,HOWRAH JN,SF,1,250.0,4.08333333581686
1,12:25:00,NDLS,New Delhi-Puri Superfast Express,SER,0,0,1,NEW DELHI,12816,06:30:00,12815,PURI,1,,PURI,SF,0,1794.0,29.91666668653488
1,13:50:00,HTE,Jharkhand Swarna Jayanti SF Express,SER,0,0,1,HATIA,12817,14:40:00,12818,ANVT,1,,ANAND VIHAR TRM,SF,0,1300.0,23.16666667163372
1,16:40:00,ANVT,Jharkhand Swarna Jayanti Express,SER,0,0,1,ANAND VIHAR TRM,12818,19:50:00,12817,HTE,1,,HATIA,SF,0,1303.0,20.83333331346512
1,20:50:00,BBS,Orissa Sampark Kranti Express,ECoR,0,0,1,BHUBANESWAR,12819,15:40:00,12820,NDLS,1,,NEW DELHI,SKr,0,1799.0,29.16666667163372
1,12:10:00,NDLS,Orissa Sampark Kranti Express,ECoR,0,0,1,NEW DELHI,12820,07:10:00,12819,BBS,1,,BHUBANESWAR,SKr,0,1799.0,29.0
0,14:30:00,HWH,Dhauli Express,SER,1,0,0,HOWRAH JN,12821,06:00:00,12822,PURI,0,,PURI,SF,0,502.0,8.5
0,20:15:00,PURI,Dhauli Express,SER,1,0,0,PURI,12822,11:50:00,12821,HWH,0,,HOWRAH JN,SF,0,502.0,8.41666665673256
0,22:20:00,HWH,Howrah Purulia Express,SER,1,0,0,HOWRAH JN,12827,16:50:00,12828,PRR,0,,PURULIA JN,SF,0,323.0,5.5
0,11:20:00,PRR,Howrah Express,SER,1,0,0,PURULIA JN,12828,05:30:00,12827,HWH,0,,HOWRAH JN,SF,0,323.0,5.833333313465118
1,17:35:00,MAS,Chennai Bhubaneswar SF Express,ECoR,0,0,1,CHENNAI CENTRAL,12829,21:10:00,12830,BBS,1,,BHUBANESWAR,SF,0,1223.0,20.41666665673256
1,08:55:00,BBS,Bhubaneswar Chennai Superfast Express,ECoR,0,0,1,BHUBANESWAR,12830,12:00:00,12829,MAS,1,,CHENNAI CENTRAL,SF,0,1223.0,20.91666668653488
1,13:30:00,ADI,AHMEDABAD - HOWRAH SF EXP,SER,0,0,1,AHMEDABAD JN,12833,23:55:00,12834,HWH,1,,HOWRAH JN,SF,0,2087.0,37.58333331346512
1,13:25:00,HWH,HOWRAH - AHMEDABAD SF EXP,SER,0,0,1,HOWRAH JN,12834,23:55:00,12833,ADI,1,,AHMEDABAD JN,SF,0,2087.0,37.5
1,06:15:00,VSG,VASCO DA GAMA - DELHI H NIZAMUDDIN Goa Exp,SWR,0,0,1,VASCO DA GAMA,12779,15:10:00,12780-Slip,NZM,1,,DELHI H NIZAMUDDIN,SF,0,2202.0,39.08333333581686
1,17:05:00,MYS,Mysore-Nizamuddin Swarna Jayanti Express,SWR,0,0,1,MYSORE JN,12781,20:10:00,12782,NZM,1,,DELHI H NIZAMUDDIN,SF,0,2618.0,44.91666668653488
1,04:50:00,PURI,Purushottam SF Express,ECoR,0,0,1,PURI,12801,21:50:00,12802,NDLS,1,,NEW DELHI,SF,0,1863.0,31.0
1,16:45:00,VSKP,Samata Express,ECoR,0,0,1,VISHAKAPATNAM,12807,06:25:00,12808,NZM,1,,DELHI H NIZAMUDDIN,SF,0,1911.0,34.33333334326744
1,18:30:00,NZM,Samata Express,ECoR,0,0,1,DELHI H NIZAMUDDIN,12808,08:40:00,12807,VSKP,1,,VISHAKAPATNAM,SF,0,1911.0,33.83333331346512
1,17:00:00,PURI,Puri New Delhi Superfast Express,SER,0,0,1,PURI,12815,10:55:00,12816,NDLS,1,,NEW DELHI,SF,0,1804.0,30.08333333581686
1,09:05:00,DURG,Chhattisgarh Sampark Kranti Express,SER,0,0,1,DURG,12823,12:00:00,12824,NZM,1,,DELHI H NIZAMUDDIN,SKr,1,1281.0,21.08333333581686
1,15:10:00,NZM,Chhattisgarh Sampark Kranti Express,SER,0,0,1,DELHI H NIZAMUDDIN,12824,17:25:00,12823,DURG,1,,DURG,SKr,1,1284.0,21.75
1,20:50:00,RNC,Jharkhand Sampark Kranti Express,SER,0,0,1,RANCHI,12825,23:40:00,12826,NDLS,1,,NEW DELHI,SKr,0,1306.0,21.16666667163372
1,07:30:00,HWH,Howrah-Puri Express,SER,0,0,1,HOWRAH JN,12837,22:35:00,12838,PURI,1,,PURI,SF,1,502.0,8.916666686534882
1,04:50:00,PURI,Puri Howrah Express,SER,0,0,1,PURI,12838,20:05:00,12837,HWH,1,,HOWRAH JN,SF,1,502.0,8.75
1,03:50:00,HWH,Howrah Chennai Superfast Mail,SER,0,0,1,HOWRAH JN,12839,23:45:00,12840,MAS,1,,CHENNAI CENTRAL,SF,1,1662.0,28.08333333581686
1,17:15:00,HWH,Coromandel Express,SER,0,0,1,HOWRAH JN,12841,14:50:00,12842,MAS,1,,CHENNAI CENTRAL,SF,1,1662.0,26.41666665673256
1,11:50:00,MAS,Coromandel Express,SER,0,0,1,CHENNAI CENTRAL,12842,08:45:00,12841,HWH,1,,HOWRAH JN,SF,1,1662.0,27.08333333581686
1,06:30:00,NZM,DELHI H NIZAMUDDIN - VASCO DA GAMA Goa Exp,SWR,0,0,1,DELHI H NIZAMUDDIN,12780,15:05:00,12779,VSG,1,,VASCO DA GAMA,SF,0,2202.0,39.41666665673256
1,07:25:00,PURI,Puri Ahmedabad Superfast Express,ECoR,0,0,1,PURI,12843,17:30:00,12844,ADI,1,,AHMEDABAD JN,SF,0,2130.0,37.91666668653488
1,08:50:00,ADI,Ahmedabad Puri Superfast Express,SER,0,0,1,AHMEDABAD JN,12844,18:00:00,12843,PURI,1,,PURI,SF,0,2130.0,38.83333331346512
1,16:15:00,BL,Valsad-Haridwar Exp,WR,0,0,1,VALSAD,12911,15:40:00,12912,HW,1,,HARIDWAR JN,SF,0,1433.0,24.58333331346512
1,08:10:00,NZM,H.Nizamuddin-Bandra Terminus Garib Rath Express,WR,1,0,0,DELHI H NIZAMUDDIN,12910,15:40:00,12909,BDTS,0,,MUMBAI BANDRA TERMINUS,GR,0,1366.0,16.5
1,08:25:00,INDB,Indore-Nagpur Weekly Express,WR,0,0,1,INDORE JN BG,12913,20:35:00,12914,NGP,1,,NAGPUR,SF,0,652.0,11.833333313465118
1,18:15:00,HW,Haridwar Valsad Superfast Express,WR,0,0,1,HARIDWAR JN,12912,18:40:00,12911,BL,1,,VALSAD,SF,0,1433.0,23.58333331346512
1,15:55:00,INDB,Malwa Express,WR,0,0,1,INDORE JN BG,12919,12:25:00,12920,JAT,1,,JAMMU TAWI,SF,0,1540.0,27.5
1,06:50:00,NGP,Nagpur-Indore Weekly Express,WR,0,0,1,NAGPUR,12914,19:15:00,12913,INDB,1,,INDORE JN BG,SF,0,652.0,11.583333313465118
0,22:35:00,BCT,Flying Rani Express,WR,1,0,0,Mumbai Central,12921,17:55:00,12922,ST,0,,SURAT,SF,0,263.0,4.666666686534882
1,12:50:00,JAT,Malwa Express,WR,0,0,1,JAMMU TAWI,12920,09:00:00,12919,INDB,1,,INDORE JN BG,SF,0,1540.0,27.83333331346512
1,08:25:00,INDB,Indore Nagpur Express,WR,0,0,1,INDORE JN BG,12923,21:25:00,12924,NGP,1,,NAGPUR,SF,0,607.0,11.0
0,10:10:00,ST,Flying Rani Express,WR,1,1,0,SURAT,12922,05:25:00,12921,BCT,0,,Mumbai Central,SF,0,263.0,4.75
1,05:40:00,NGP,Indore Express,WR,0,0,1,NAGPUR,12924,19:15:00,12923,INDB,1,,INDORE JN BG,SF,0,607.0,10.41666665673256
1,06:05:00,BCT,Mumbai Central -Vadodara Express,WR,0,0,1,Mumbai Central,12927,23:40:00,12928,BRC,1,,VADODARA JN,SF,1,392.0,6.416666656732559
1,04:55:00,BRC,Vadodara - Mumbai Central Express,WR,0,0,1,VADODARA JN,12928,22:40:00,12927,BCT,1,,Mumbai Central,SF,1,392.0,6.25
0,21:00:00,DHD,Dahod Valsad InterCity Express,WR,0,1,0,DAHOD,12930,14:50:00,12929,BL,0,,VALSAD,SF,0,344.0,6.16666667163372
0,11:10:00,BDTS,Bandra Surat InterCity Express,WR,1,1,0,MUMBAI BANDRA TERMINUS,12935,06:50:00,12936,ST,0,,SURAT,SF,0,252.0,4.333333343267441
0,20:30:00,ST,Surat Bandra InterCity Express,WR,1,1,0,SURAT,12936,16:10:00,12935,BDTS,0,,MUMBAI BANDRA TERMINUS,SF,0,252.0,4.333333343267441
1,13:40:00,PUNE,Pune-Jaipur SF Express,NWR,0,0,1,PUNE JN,12939,15:20:00,12940,JP,1,,JAIPUR,SF,0,1302.0,22.33333334326744
1,09:45:00,BDTS,Bandra Terminus- Hazrat Nizamuddin Garib Rath,WR,1,0,0,MUMBAI BANDRA TERMINUS,12909,16:55:00,12910,NZM,0,,DELHI H NIZAMUDDIN,GR,0,1366.0,16.83333331346512
1,10:10:00,ADI,Ashram SF Express,WR,0,0,1,AHMEDABAD JN,12915,18:30:00,12916,DLI,1,,OLD DELHI,SF,1,933.0,15.666666686534882
1,07:40:00,DLI,Ashram SF Express,WR,0,0,1,OLD DELHI,12916,15:20:00,12915,ADI,1,,AHMEDABAD JN,SF,1,933.0,16.33333334326744
1,10:40:00,ADI,Gujarat Sampark Kranti Express,WR,0,0,1,AHMEDABAD JN,12917,17:20:00,12918,NZM,1,,DELHI H NIZAMUDDIN,SKr,0,1085.0,17.33333334326744
0,21:25:00,BCT,Karnavati Express,WR,1,0,0,Mumbai Central,12933,13:40:00,12934,ADI,0,,AHMEDABAD JN,SF,0,491.0,7.75
0,12:35:00,ADI,Karnavati Express,WR,1,0,0,AHMEDABAD JN,12934,04:55:00,12933,BCT,0,,Mumbai Central,SF,0,491.0,7.666666686534882
1,19:30:00,BL,Valsad-Kanpur Udyogkarmi Express,WR,0,0,1,VALSAD,12943,19:40:00,12944,CNB,1,,KANPUR CENTRAL,SF,0,1305.0,23.83333331346512
1,07:35:00,CNB,Kanpur-Valsad Udyogkarmi Express,WR,0,0,1,KANPUR CENTRAL,12944,08:00:00,12943,BL,1,,VALSAD,SF,0,1305.0,23.58333331346512
1,04:30:00,ADI,Azimabad Express,WR,0,0,1,AHMEDABAD JN,12947,21:30:00,12948,PNBE,0,,PATNA JN,SF,0,1772.0,31.0
1,05:50:00,PNBE,Azimabad Express,WR,0,0,1,PATNA JN,12948,23:30:00,12947,ADI,0,,AHMEDABAD JN,SF,0,1772.0,30.33333334326744
1,08:10:00,PBR,PORBANDAR - K SANTRAGANCHI Kavi Guru SF Exp,WR,0,0,1,PORBANDAR,12949,07:55:00,12950,SRC,1,,SANTRAGACHI JN,SF,0,2657.0,48.25
1,08:30:00,BCT,Mumbai Central-New Delhi Rajdhani Express,WR,0,0,0,Mumbai Central,12951,16:40:00,12952,NDLS,1,,NEW DELHI,Raj,1,1384.0,15.833333313465118
1,17:40:00,DDR,MUMBAI DADAR - BHUJ SF Exp,WR,0,0,1,MUMBAI DADAR WEST,12959,23:55:00,12960,BHUJ,1,,BHUJ,SF,0,977.0,17.75
1,12:15:00,BHUJ,BHUJ - MUMBAI DADAR SF Exp,WR,0,0,1,BHUJ,12960,18:30:00,12959,DDR,1,,MUMBAI DADAR WEST,SF,0,977.0,17.75
1,09:00:00,BCT,Avantika Express,WR,0,0,1,Mumbai Central,12961,19:05:00,12962,INDB,1,,INDORE JN BG,SF,1,829.0,13.916666686534882
1,06:35:00,INDB,Avantika Express,WR,0,0,1,INDORE JN BG,12962,15:50:00,12961,BCT,1,,Mumbai Central,SF,1,829.0,14.75
1,12:45:00,UDZ,Udaipur Gwalior Express,NWR,0,0,1,UDAIPUR CITY,12966,22:20:00,12965,GWL,1,,GWALIOR JN,SF,1,794.0,14.41666665673256
1,05:55:00,MAS,Chennai-Jaipur SF Express,NWR,0,0,1,CHENNAI CENTRAL,12967,17:35:00,12968,JP,1,,JAIPUR,SF,1,2185.0,36.33333334326744
1,09:45:00,JP,Jaipur-Chennai SF Express,NWR,0,0,1,JAIPUR,12968,19:40:00,12967,MAS,1,,CHENNAI CENTRAL,SF,1,2185.0,38.08333333581686
1,05:55:00,CBE,Coimbatore-Jaipur Express,NWR,0,0,1,COIMBATORE JN,12969,09:15:00,12970,JP,1,,JAIPUR,SF,1,2682.0,44.66666668653488
1,18:00:00,JP,Jaipur-Coimbatore Express,NWR,0,0,1,JAIPUR,12970,19:40:00,12969,CBE,1,,COIMBATORE JN,SF,1,2682.0,46.33333334326744
1,11:30:00,BDTS,Bhavnagar Express,WR,0,0,1,MUMBAI BANDRA TERMINUS,12971,21:25:00,12972,BVC,1,,BHAVNAGAR TERMINUS,SF,0,778.0,14.08333333581686
1,08:00:00,INDB,Indore-Jaipur SF Express,WR,0,0,1,INDORE JN BG,12973,22:30:00,12974,JP,1,,JAIPUR,SF,0,599.0,9.5
1,07:10:00,JP,Jaipur Indore SF Express,WR,0,0,1,JAIPUR,12974,21:10:00,12973,INDB,1,,INDORE JN BG,SF,0,599.0,10.0
1,16:15:00,ERS,ERNAKULAM - AJMER Marusagar Exp,NWR,0,0,1,ERNAKULAM JN,12977,19:50:00,12978,AII,1,,AJMER JN,SF,1,2859.0,44.41666665673256
1,04:20:00,AII,AJMER - ERNAKULAM Marusagar Exp,NWR,0,0,1,AJMER JN,12978,07:40:00,12977,ERS,1,,ERNAKULAM JN,SF,1,2859.0,44.66666668653488
1,10:30:00,BDTS,Mumbai Bandra (T.) - Jaipur (Tri-weekly) SF Exp,WR,0,0,1,MUMBAI BANDRA TERMINUS,12979,15:45:00,12980,JP,1,,JAIPUR,SF,1,1148.0,18.75
1,07:50:00,DEE,Chetak Express,NWR,0,0,1,DELHI SARAI ROHILLA,12981,19:40:00,12982,UDZ,1,,UDAIPUR CITY,SF,0,673.0,12.16666667163372
1,05:10:00,UDZ,Chetak Express,NWR,0,0,1,UDAIPUR CITY,12982,17:20:00,12981,DEE,1,,DELHI SARAI ROHILLA,SF,0,673.0,11.833333313465118
1,06:40:00,AII,Ajmer-Chandigarh GaribRath Express,NWR,0,0,0,AJMER JN,12983,17:55:00,12984,CDG,0,,CHANDIGARH,GR,0,740.0,12.75
1,09:55:00,CDG,Chandigarh-Ajmer GaribRath,NWR,0,0,0,CHANDIGARH,12984,21:05:00,12983,AII,0,,AJMER JN,GR,0,740.0,12.833333313465118
1,15:55:00,AII,Ajmer Sealdah Express,NWR,0,0,1,AJMER JN,12988,12:45:00,12987,SDAH,1,,KOLKATA SEALDAH,SF,0,1642.0,27.16666667163372
1,08:05:00,DDR,Dadar Ajmer Superfast Express,NWR,0,0,1,MUMBAI DADAR WEST,12989,14:35:00,12990,AII,1,,AJMER JN,SF,0,976.0,17.5
1,12:50:00,AII,Ajmer-Dadar SF Express,NWR,0,0,1,AJMER JN,12990,19:20:00,12989,DDR,1,,MUMBAI DADAR WEST,SF,0,976.0,17.5
1,10:35:00,NZM,August Kranti Rajdhani Express,WR,0,0,0,DELHI H NIZAMUDDIN,12954,16:55:00,12953,BCT,1,,Mumbai Central,Raj,1,1377.0,17.66666668653488
1,07:25:00,ADI,Ahmadabad-New Delhi Swarna Jayanti Rajdhani Expres,WR,0,0,0,AHMEDABAD JN,12957,17:45:00,12958,NDLS,1,,NEW DELHI,Raj,1,934.0,13.666666686534882
1,09:35:00,NDLS,New Delhi-Ahmedabad Swarna Jayanti Rajdhani Expres,WR,0,0,0,NEW DELHI,12958,19:55:00,12957,ADI,1,,AHMEDABAD JN,Raj,1,934.0,13.666666686534882
1,07:20:00,NZM,Mewar Express,WR,0,0,1,DELHI H NIZAMUDDIN,12963,19:05:00,12964,UDZ,1,,UDAIPUR CITY,SF,1,743.0,12.25
1,06:30:00,UDZ,Mewar Express,WR,0,0,1,UDAIPUR CITY,12964,18:15:00,12963,NZM,1,,DELHI H NIZAMUDDIN,SF,1,743.0,12.25
1,07:15:00,SDAH,Testa Torsa Express,ER,0,0,1,KOLKATA SEALDAH,13141,13:40:00,13142,NOQ,1,,NEW ALIPURDAUR,Exp,0,716.0,17.58333331346512
1,04:35:00,NOQ,Teesta Torsa Express,ER,0,0,1,NEW ALIPURDAUR,13142,11:45:00,13141,SDAH,1,,KOLKATA SEALDAH,Exp,0,716.0,16.83333331346512
1,06:50:00,KOAA,Radhikapur Express,ER,0,0,1,KOLKATA CHITPUR,13145,19:30:00,13146,RDP,1,,Radhikapur,Exp,0,476.0,11.33333334326744
1,05:35:00,RDP,Radhikapur Express,ER,0,0,1,Radhikapur,13146,17:50:00,13145,KOAA,1,,KOLKATA CHITPUR,Exp,0,476.0,11.75
1,09:25:00,SDAH,Uttar Banga Express,ER,0,0,1,KOLKATA SEALDAH,13147,19:35:00,13148,NCB,1,,NEW COOCH BEHAR,Exp,0,693.0,13.833333313465118
1,05:10:00,NCB,Uttar Banga Express,ER,0,0,1,NEW COOCH BEHAR,13148,15:15:00,13147,SDAH,1,,KOLKATA SEALDAH,Exp,0,693.0,13.916666686534882
1,08:15:00,APDJ,Kanchan Kanya Express,ER,0,0,1,ALIPUR DUAR JN,13150,16:45:00,13149,SDAH,1,,KOLKATA SEALDAH,Exp,0,735.0,15.5
1,05:20:00,MLDT,Malda Town-Sealdah Gour Express,ER,0,0,1,MALDA TOWN,13154,21:35:00,13153,SDAH,1,,KOLKATA SEALDAH,Exp,1,347.0,7.75
1,03:45:00,SMI,SITAMARHI - KOLKATA CHITPUR Mithilanchal Exp,ER,0,0,1,SITAMARHI JN,13156,14:45:00,13155,KOAA,0,,KOLKATA CHITPUR,Exp,0,553.0,13.0
1,11:15:00,KOAA,KOLKATA CHITPUR - JOGBANI Exp,ER,0,0,1,KOLKATA CHITPUR,13159,20:55:00,13160,JBN,1,,JOGBANI,Exp,0,542.0,14.33333334326744
1,03:45:00,JBN,JOGBANI - KOLKATA CHITPUR Exp,ER,0,0,1,JOGBANI,13160,14:35:00,13159,KOAA,1,,KOLKATA CHITPUR,Exp,0,542.0,13.16666667163372
0,22:05:00,KOAA,KOLKATA CHITPUR - BALURGHAT Tebhaga Exp,ER,0,0,0,KOLKATA CHITPUR,13161,12:55:00,13162,BLGT,0,,BALURGHAT,Exp,0,438.0,9.16666667163372
0,14:25:00,BLGT,BALURGHAT - KOLKATA CHITPUR Tebhaga Exp,ER,0,0,0,BALURGHAT,13162,05:35:00,13161,KOAA,0,,KOLKATA CHITPUR,Exp,0,437.0,8.833333313465118
1,12:15:00,SDAH,Hatey Bazare Express,ER,0,0,1,KOLKATA SEALDAH,13163,20:10:00,13164,SHC,1,,SAHARSA JN,Exp,0,589.0,16.08333333581686
1,07:15:00,SHC,Hatey Bazare Express,ER,0,0,1,SAHARSA JN,13164,14:20:00,13163,SDAH,1,,KOLKATA SEALDAH,Exp,0,589.0,16.91666668653488
1,06:55:00,JYG,Ganga Sagar Express,ER,0,0,1,JAYNAGAR,13186,16:05:00,13185,SDAH,1,,KOLKATA SEALDAH,Exp,0,624.0,14.833333313465118
1,11:00:00,SDAH,Sealdah-New Delhi AC Duronto Express,ER,0,0,0,KOLKATA SEALDAH,12259,18:40:00,12260,NDLS,1,,NEW DELHI,Drnt,1,1453.0,16.33333334326744
1,23:00:00,NDLS,New Delhi-New Farakka Express,NR,0,0,1,NEW DELHI,14004,17:45:00,14003,NFK,1,,NEW FARAKKA JN,Exp,0,1387.0,29.25
1,04:20:00,SMI,Lichhavi Express,NR,0,0,1,SITAMARHI JN,14005,23:55:00,14006,ANVT,1,,ANAND VIHAR TRM,Exp,0,1285.0,28.41666665673256
1,22:15:00,ANVT,Lichhavi Express,NR,0,0,1,ANAND VIHAR TRM,14006,15:45:00,14005,SMI,1,,SITAMARHI JN,Exp,0,1285.0,30.5
1,04:50:00,MFP,Muzaffarpur-Old Delhi Sadbhavna Express,NR,0,0,1,MUZAFFARPUR JN,14007,04:15:00,14008,DLI,0,,OLD DELHI,Exp,0,1106.0,24.58333331346512
1,18:00:00,DLI,Old Delhi-Muzaffarpur Sadbhavana Express,NR,0,0,1,OLD DELHI,14008,16:20:00,14007,MFP,0,,MUZAFFARPUR JN,Exp,0,1106.0,25.66666668653488
1,06:15:00,CWA,Patalkot Express,NR,0,0,1,Chhindwara Junction,14009,10:15:00,14010,DEE,0,,DELHI SARAI ROHILLA,Exp,0,1050.0,20.0
1,09:50:00,DEE,Patalkot Express,NR,0,0,1,DELHI SARAI ROHILLA,14010,12:20:00,14009,CWA,0,,Chhindwara Junction,Exp,0,1050.0,21.5
1,21:20:00,KGM,Kathgodam-Anand Vihar AC Express,NR,0,0,0,KATHGODAM,14011,15:45:00,14012,ANVT,1,,ANAND VIHAR TRM,Exp,1,271.0,5.583333313465118
1,11:55:00,ANVT,Anand Vihar-Kathgodam AC Express,NR,0,0,0,ANAND VIHAR TRM,14012,06:00:00,14011,KGM,1,,KATHGODAM,Exp,1,271.0,5.916666686534882
1,04:50:00,SLN,Sadbhavna Express,NR,0,0,1,SULTANPUR,14013,15:30:00,14014,DLI,1,,OLD DELHI,Exp,0,645.0,13.33333334326744
1,06:10:00,DLI,Sadbhavna Express,NR,0,0,1,OLD DELHI,14014,16:20:00,14013,SLN,1,,SULTANPUR,Exp,0,645.0,13.833333313465118
1,04:50:00,RXL,Sadbhavna Express,NR,0,0,1,RAXAUL JN,14015,00:35:00,14016,DLI,0,,OLD DELHI,Exp,0,1236.0,28.25
1,21:30:00,DLI,Sadbhavana Express,NR,0,0,1,OLD DELHI,14016,16:20:00,14015,RXL,0,,RAXAUL JN,Exp,0,1236.0,29.16666667163372
1,04:50:00,MFP,Sadbhavna Express,NR,0,0,1,MUZAFFARPUR JN,14017,04:15:00,14018,DLI,1,,OLD DELHI,Exp,0,1147.0,24.58333331346512
1,18:00:00,DLI,Sadbhavana Expres,NR,0,0,1,OLD DELHI,14018,16:20:00,14017,MFP,1,,MUZAFFARPUR JN,Exp,0,1147.0,25.66666668653488
1,05:50:00,CSTM,MUMBAI CST - HOWRAH SF Mail (via NAGPUR),SER,0,0,1,MUMBAI CST,12809,20:35:00,12810,HWH,1,,HOWRAH JN,SF,1,1968.0,33.25
1,14:25:00,NFK,New Farakka-New Delhi Express,NR,0,0,1,NEW FARAKKA JN,14003,09:45:00,14004,NDLS,1,,NEW DELHI,Exp,0,1387.0,28.66666668653488
0,20:20:00,HWH,Howrah-Bhubaneswar Jan Shatabdi Express,ECoR,1,0,0,HOWRAH JN,12073,13:35:00,12074,BBS,0,,BHUBANESWAR,JShtb,0,439.0,6.75
1,17:20:00,HWH,Chambal Express,CR,0,0,1,HOWRAH JN,12175,17:45:00,12176,GWL,1,,GWALIOR JN,SF,0,1303.0,23.58333331346512
0,11:45:00,BZA,Satavahana Express,SCR,1,0,0,VIJAYAWADA JN,12713,06:10:00,12714,SC,0,,SECUNDERABAD JN,SF,0,351.0,5.583333313465118
1,17:25:00,ASR,Amritsar - Sealdah Superfast Express,ER,0,0,1,AMRITSAR JN,12380,10:50:00,12379,SDAH,1,,KOLKATA SEALDAH,SF,0,1894.0,30.58333331346512
1,04:25:00,HWH,Howrah-Tiruchirappalli Express,SR,0,0,1,HOWRAH JN,12663,16:10:00,12664,TPJ,1,,TIRUCHIRAPPALLI,SF,0,2025.0,36.25
1,11:40:00,HWH,HOWRAH - KANNIYAKUMARI SF Exp,SR,0,0,1,HOWRAH JN,12665,16:10:00,12666,CAPE,1,,KANYAKUMARI,SF,0,2431.0,43.5
1,12:45:00,KCVL,TRIVANDRUM KOCHUVELI - HUBLI SF Exp,SWR,0,0,1,KOCHUVELI,12778,12:50:00,12777,UBL,1,,HUBLI JN,SF,0,1307.0,23.91666668653488
1,08:35:00,NDLS,Mumbai Rajdhani Express,WR,0,0,0,NEW DELHI,12952,16:30:00,12951,BCT,1,,Mumbai Central,Raj,1,1384.0,16.08333333581686
1,08:35:00,RJPB,Sampoorna Kranti Express,ER,0,0,1,RAJENDRA NAGAR BIHAR,12393,17:35:00,12394,NDLS,1,,NEW DELHI,SF,1,1001.0,15.0
1,20:15:00,NZM,Delhi H.Nizamuddin-Chennai Central Rajdhani Expres,NR,0,0,0,DELHI H NIZAMUDDIN,12434,16:00:00,12433,MAS,1,,CHENNAI CENTRAL,Raj,1,2176.0,28.25
1,12:25:00,ANVT,Vikramshila Express,ER,0,0,1,ANAND VIHAR TRM,12368,14:40:00,12367,BGP,1,,BHAGALPUR,SF,1,1206.0,21.75
1,20:15:00,LTT,MUMBAI LTT - GORAKHPUR Exp,CR,0,0,1,LOKMANYA TILAK TERM,11055,10:55:00,11056,GKP,1,,GORAKHPUR JN,Exp,0,1733.0,33.33333334326744
1,10:50:00,GWL,Gwalior-Varanasi Bundelkhand Express,NCR,0,0,1,GWALIOR JN,11107,20:40:00,11108,BSB,1,,VARANASI JN,Exp,1,624.0,14.16666667163372
1,10:35:00,SC,Secunderabad- Hazrat Nizamuddin Duronto Express,SCR,0,0,1,SECUNDERABAD JN,12285,13:30:00,12286,NZM,1,,DELHI H NIZAMUDDIN,Drnt,1,1660.0,21.08333333581686
1,06:35:00,NZM,Gujarat Sampark Kranti Express,WR,0,0,1,DELHI H NIZAMUDDIN,12918,14:05:00,12917,ADI,1,,AHMEDABAD JN,SKr,0,1085.0,16.5
1,09:10:00,KOAA,KOLKATA CHITPUR - SITAMARHI Mithilanchal Exp,ER,0,0,1,KOLKATA CHITPUR,13155,20:55:00,13156,SMI,0,,SITAMARHI JN,Exp,0,552.0,12.25
1,08:20:00,ALD,Allahabad Mathura SF Express,NCR,0,0,1,ALLAHABAD JN,12403,23:30:00,12404,MTJ,1,,MATHURA JN,SF,1,507.0,8.833333313465118
1,13:15:00,BKN,BIKANER - KOLKATA CHITPUR Pratap Exp,NR,0,0,1,BIKANER JN,12495,05:30:00,12496,KOAA,1,,KOLKATA CHITPUR,SF,0,1873.0,31.75
1,05:50:00,SC,SECUNDERABAD - GUWAHATI Exp,NER,0,0,1,SECUNDERABAD JN,12513,07:30:00,12514,GHY,1,,GUWAHATI,SF,0,2551.0,46.33333334326744
1,04:50:00,GKP,GORAKHPUR - YESVANTPUR SF Exp,NFR,0,0,1,GORAKHPUR JN,12591,06:45:00,12592,YPR,1,,YESVANTPUR JN,SF,0,2547.0,46.08333333581686
1,07:45:00,GDR,Simhapuri SF Express,SCR,0,0,1,GUDUR JN,12709,21:00:00,12710,SC,1,,SECUNDERABAD JN,SF,1,644.0,10.75
1,04:10:00,MAS,Chennai-Howrah SF Mail,SER,0,0,1,CHENNAI CENTRAL,12840,23:40:00,12841,HWH,1,,HOWRAH JN,SF,1,1662.0,28.5
1,03:45:00,MFP,MUZAFFARPUR - KOLKATA CHITPUR Tirhut Exp,ER,0,0,1,MUZAFFARPUR JN,13158,14:50:00,13157,KOAA,0,,KOLKATA CHITPUR,Exp,0,566.0,12.916666686534882
1,03:45:00,MAS,Chennai-Mumbai CST Mail,CR,0,0,1,CHENNAI CENTRAL,11028,22:50:00,11027,CSTM,1,,MUMBAI CST,Mail,0,1283.0,28.91666668653488
1,13:45:00,MAS,ChennaiCentral-CST Mumbai Express,CR,0,0,1,CHENNAI CENTRAL,11042,11:55:00,11041,CSTM,1,,MUMBAI CST,Exp,0,1283.0,25.83333331346512
0,13:00:00,MAS,CHENNAI CENT - MYSORE Shatabdi Express,SR,1,0,0,CHENNAI CENTRAL,12007,06:00:00,12008,MYS,0,,MYSORE JN,Shtb,1,500.0,7.0
1,11:05:00,MAS,CHENNAI CENTRAL - NAGERCOIL SF Exp,SR,0,0,1,CHENNAI CENTRAL,12689,18:15:00,12690,NCJ,0,,NAGERCOIL JN,SF,0,927.0,16.83333331346512
0,19:40:00,PUNE,Deccan Express,CR,1,0,0,PUNE JN,11008,15:30:00,11007,CSTM,0,,MUMBAI CST,Exp,0,192.0,4.16666667163372
1,19:40:00,PUNE,PUNE - HOWRAH AC Duronto Exp,SER,0,0,0,PUNE JN,12221,15:15:00,12222,HWH,1,,HOWRAH JN,Drnt,1,2020.0,28.41666665673256
1,08:05:00,ANVT,Seemanchal Express,NR,0,0,1,ANAND VIHAR TRM,12488,07:40:00,12487,JBN,1,,JOGBANI,SF,0,1383.0,24.41666665673256
1,05:40:00,SBC,Bangalore-Kacheguda SF Express,SCR,0,0,1,BANGALORE CITY JN,12786,18:20:00,12785,KCG,1,,KACHEGUDA,SF,1,625.0,11.33333334326744
1,08:55:00,KCG,Venkatadri SF Express,SCR,0,0,1,KACHEGUDA,12797,20:05:00,12798,CTO,1,,CHITTOOR,SF,1,707.0,12.833333313465118
1,06:20:00,CTO,Venkatadri SF Express,SCR,0,0,1,CHITTOOR,12798,17:30:00,12797,KCG,1,,KACHEGUDA,SF,1,707.0,12.833333313465118
1,12:05:00,JP,Jaipur-Mumbai Central AC Duronto Express,WR,0,0,0,JAIPUR,12240,19:15:00,12239,BCT,1,,Mumbai Central,Drnt,1,1159.0,16.83333331346512
1,14:30:00,JP,Jaipur - Mumbai Bandra (T.) (Triweekly) SF Express,NWR,0,0,1,JAIPUR,12980,20:40:00,12979,BDTS,1,,MUMBAI BANDRA TERMINUS,SF,1,1148.0,17.83333331346512
1,05:05:00,ERS,ERNAKULAM - PUNE Poorna Exp,CR,0,0,1,ERNAKULAM JN,11098,23:30:00,11097,PUNE,1,,PUNE JN,Exp,0,1435.0,29.58333331346512
1,08:05:00,DBG,DARBHANGA - PUNE Gyan Ganga Exp,CR,0,0,1,DARBHANGA JN,11034,17:00:00,11033,PUNE,1,,PUNE JN,Exp,0,1948.0,39.08333333581686
1,06:30:00,LTT,Mumbai LTT-Coimbatore Express,CR,0,0,1,LOKMANYA TILAK TERM,11013,22:35:00,11014,CBE,1,,COIMBATORE JN,Exp,1,1518.0,31.91666668653488
1,04:20:00,PUNE,PUNE - ERNAKULAM Poorna Exp,CR,0,0,1,PUNE JN,11097,23:10:00,11098,ERS,1,,ERNAKULAM JN,Exp,0,1435.0,29.16666667163372
1,04:00:00,DHN,DHANBAD - KOLHAPUR CSMT Deekshabhoomi Exp,CR,0,0,1,DHANBAD JN,11046,13:45:00,11045,KOP,0,,C SHAHU M RAJ KOLHAPUR TERM,Exp,0,2968.0,62.25
1,22:45:00,LTT,MUMBAI LTT - DARBHANGA Pawan Exp,CR,0,0,1,LOKMANYA TILAK TERM,11061,12:15:00,11062,DBG,1,,DARBHANGA JN,Exp,0,1791.0,34.5
0,22:30:00,BPL,Bhopal-New Delhi Shatabdi Express,NR,1,0,0,BHOPAL JN,12001,14:40:00,12002,NDLS,0,,NEW DELHI,Shtb,1,701.0,7.833333313465118
0,13:10:00,HWH,Howrah-Ranchi Shatabdi Express,ER,1,0,0,HOWRAH JN,12019,06:05:00,12020,RNC,0,,RANCHI,Shtb,1,423.0,7.08333333581686
0,23:10:00,JBP,JABALPUR - AMBIKAPUR Exp,WCR,0,0,0,JABALPUR,11265,14:15:00,11266,ABKP,0,,AMBIKAPUR,Exp,0,433.0,8.916666686534882
0,22:30:00,MAS,CHENNAI CENT - BANGALORE CITY Shatabdi Exp,SWR,1,0,0,CHENNAI CENTRAL,12027,17:30:00,12028,SBC,0,,BANGALORE CITY JN,Shtb,1,362.0,5.0
0,23:05:00,ASR,Amritsar-New Delhi Swarna Shatabdi Express,NR,1,0,0,AMRITSAR JN,12030,16:55:00,12031,NDLS,0,,NEW DELHI,Shtb,1,448.0,6.16666667163372
0,20:35:00,CSTM,Mumbai Aurangabad Jan Shatabdi,SCR,1,0,0,MUMBAI CST,12071,13:50:00,12072,AWB,0,,AURANGABAD,JShtb,0,374.0,6.75
0,13:35:00,MAS,Chennai Vijayawada Jan Shatabdi Express,SR,1,0,0,CHENNAI CENTRAL,12077,07:00:00,12078,BZA,0,,VIJAYAWADA JN,JShtb,0,431.0,6.583333313465118
1,09:05:00,JBP,JABALPUR - DELHI H NIZAMUDDIN S Kranti Exp,WCR,0,0,1,JABALPUR,12121,19:10:00,12122,NZM,1,,DELHI H NIZAMUDDIN,SKr,1,909.0,13.916666686534882
1,15:30:00,PPTA,PATLIPUTRA - MUMBAI LTT SF Exp,CR,0,0,1,PATLIPUTRA,12142,10:40:00,12141,LTT,1,,LOKMANYA TILAK TERM,SF,0,1714.0,28.83333331346512
1,07:35:00,NDLS,Sampoorna Kranti Express,ER,0,0,1,NEW DELHI,12394,17:30:00,12393,RJPB,1,,RAJENDRA NAGAR BIHAR,SF,1,1001.0,14.08333333581686
1,10:00:00,GKP,Gorakhdham Express,NER,0,0,1,GORAKHPUR JN,12555,16:35:00,12556,HSR,1,,Hisar,SF,1,962.0,17.41666665673256
1,12:40:00,YPR,Yesvantapur Kochuveli Garib Rath Express,SWR,0,0,0,YESVANTPUR JN,12257,21:00:00,12258,KCVL,0,,KOCHUVELI,GR,0,808.0,15.666666686534882
1,19:30:00,ERS,ERNAKULAM - DELHI H NIZAMUDDIN Duronto Exp,NR,0,0,1,ERNAKULAM JN,12283,23:30:00,12284,NZM,1,,DELHI H NIZAMUDDIN,Drnt,1,2943.0,44.0
1,07:30:00,PURI,PURI - MUMBAI LTT SF Exp,CR,0,0,1,PURI,12146,23:05:00,12145,LTT,1,,LOKMANYA TILAK TERM,SF,0,1818.0,32.41666665673256
1,16:50:00,SDAH,KOLKATA SEALDAH - AMRITSAR Akal Takht Exp,ER,0,0,1,KOLKATA SEALDAH,12317,07:40:00,12318,ASR,1,,AMRITSAR JN,SF,0,1898.0,33.16666667163372
1,09:05:00,KCVL,Kochuveli-Yesvantpur Garib Rath,SWR,0,0,0,KOCHUVELI,12258,16:35:00,12257,YPR,0,,YESVANTPUR JN,GR,0,808.0,16.5
1,07:05:00,LTT,MUMBAI LTT - VARANASI Ratnagiri Exp,CR,0,0,1,LOKMANYA TILAK TERM,12165,05:20:00,12166,BSB,1,,VARANASI JN,SF,0,1483.0,25.75
1,14:00:00,NZM,Hazrat Nizamuddin-Secunderabad Duronto Express,SCR,0,0,1,DELHI H NIZAMUDDIN,12286,15:50:00,12285,SC,1,,SECUNDERABAD JN,Drnt,1,1660.0,22.16666667163372
1,15:20:00,RJPB,RajendraNagar-Ajmer Ibadat Express,ER,0,0,1,RAJENDRA NAGAR BIHAR,12395,18:45:00,12396,AII,1,,AJMER JN,SF,0,1305.0,20.58333331346512
1,11:15:00,BCT,Mumbai Central- Indore Duronto Express,WR,0,0,0,Mumbai Central,12227,23:15:00,12228,INDB,1,,INDORE JN BG,Drnt,1,829.0,12.0
1,07:15:00,PUNE,Pune - Hazrat Nizamuddin AC Duronto Express,NR,0,0,0,PUNE JN,12263,11:10:00,12264,NZM,1,,DELHI H NIZAMUDDIN,Drnt,1,1520.0,20.08333333581686
1,12:30:00,DBG,Swatantrata Sainani Express,ECR,0,0,1,DARBHANGA JN,12561,15:30:00,12562,NDLS,1,,NEW DELHI,SF,1,1166.0,21.0
1,05:25:00,HWH,HOWRAH - MUMBAI CST SF Mail (via NAGPUR),SER,0,0,1,HOWRAH JN,12810,20:15:00,12809,CSTM,1,,MUMBAI CST,SF,1,1968.0,33.16666667163372
1,04:55:00,NDLS,Jharkhand Sampark Kranti Express,SER,0,0,1,NEW DELHI,12826,07:10:00,12825,RNC,1,,RANCHI,SKr,0,1309.0,21.75
1,09:45:00,BSP,Bilaspur Pune SF Express,SECR,0,0,1,BILASPUR JN,12849,11:35:00,12850,PUNE,1,,PUNE JN,SF,0,1301.0,22.16666667163372
1,16:50:00,PUNE,Pune Bilaspur Superfast Express,SECR,0,0,1,PUNE JN,12850,17:40:00,12849,BSP,1,,BILASPUR JN,SF,0,1301.0,23.16666667163372
1,20:15:00,MAS,Chennai-Bilaspur Express,SER,0,0,1,CHENNAI CENTRAL,12852,21:10:00,12851,BSP,1,,BILASPUR JN,SF,0,1413.0,23.08333333581686
1,23:00:00,BSP,Bilaspur-Nagpur InterCity,SER,0,0,1,BILASPUR JN,12855,16:15:00,12856,NGP,1,,NAGPUR,SF,0,411.0,6.75
1,13:30:00,NGP,Nagpur-Bilaspur InterCity,SER,0,0,1,NAGPUR,12856,06:30:00,12855,BSP,1,,BILASPUR JN,SF,0,411.0,7.0
0,10:00:00,HWH,Tamralipta Express,SER,1,0,0,HOWRAH JN,12857,06:40:00,12858,DGHA,0,,Digha Flag Station,SF,0,189.0,3.333333343267441
0,13:50:00,DGHA,Tamralipta Express,SER,1,0,0,Digha Flag Station,12858,10:25:00,12857,HWH,0,,HOWRAH JN,SF,0,189.0,3.416666656732559
1,09:15:00,KOAA,KOLKATA CHITPUR - MUZAFFARPUR Tirhut Exp,ER,0,0,1,KOLKATA CHITPUR,13157,20:55:00,13158,MFP,0,,MUZAFFARPUR JN,Exp,0,566.0,12.33333334326744
1,21:00:00,SRC,K SANTRAGANCHI - PORBANDAR Kavi Guru SF Exp,WR,0,0,1,SANTRAGACHI JN,12950,21:25:00,12949,PBR,1,,PORBANDAR,SF,0,2658.0,47.58333331346512
1,02:45:00,SDAH,Sealdah Ajmer Express,WR,0,0,1,KOLKATA SEALDAH,12987,23:20:00,12988,AII,1,,AJMER JN,SF,0,1642.0,27.41666665673256
1,10:55:00,BCT,MumbaiCentral-H Nizamuddin August Kranti Rajdhani Express,WR,0,0,0,Mumbai Central,12953,17:40:00,12954,NZM,1,,DELHI H NIZAMUDDIN,Raj,1,1377.0,17.25
1,10:35:00,BVC,Bhavnagar Bandra Express,WR,0,0,1,BHAVNAGAR TERMINUS,12972,20:30:00,12971,BDTS,1,,MUMBAI BANDRA TERMINUS,SF,0,778.0,14.08333333581686
1,06:15:00,SDAH,Sealdah-Malda Town Gour Express,ER,0,0,1,KOLKATA SEALDAH,13153,22:15:00,13154,MLDT,1,,MALDA TOWN,Exp,1,347.0,8.0
